NAMASTE_CODE,NAMASTE_DISPLAY,ICD11_CODE,ICD11_DISPLAY
SID,Siddha,,
DIS,Disorder,1739890344,Disorders of muscles
A,Valarcitai Marra Noykal,155258022,Metabolic disorders
AA,Kalliral Noy,1784240230,Diseases of liver
AAA,Vali,,
AAA1.1,Vali Kalliral Noy,,
AAB,Azal,,
AAB1.1,Azal Kalliral Noy,,
AAC,Aiyam,,
AAC1,Aiya Kalliral Noy,,
AB,Mancal Noy,1056591229,Unspecified jaundice
ABA,Vali,,
ABA1.1,Vali Mancal Noy,1422639647,Jaundice disorder caused by increased Vaḷi (TM2)
ABA1.2,Kumpa Mancal Noy,316584861,Jaundice disorder with dysentery (TM2)
ABC1.2,Kunma Mancal Noy,316584861,Jaundice disorder with dysentery (TM2)
ABA1.3,,2074245727,Jaundice disorder due to increased Vaḷi and Aiyam (TM2)
ABB,Azal,,
ABB1.1,Azal Mancal Noy,604709236,Jaundice disorder caused by increased Aẕal (TM2)
ABB1.2,Azal Aiya Mancal Noy,2126452559,Jaundice disorder caused by increased Aẕal Aiyam (TM2)
ABB1.3,Utu Mancal Noy,486428659,Jaundice disorder with anasarca (TM2)
ABB1.4,Varattu Mancal Noy,,
ABB1.5,Peru Mancal Noy,1909073315,Jaundice disorder with male sterility (TM2)
ABB1.6,Azaku Mancal Noy,1630142203,Jaundice disorder with urethritis (TM2)
ABB1.7,Cenkamala Mancal Noy,336693270,Jaundice disorder with cardiac dysfunction (TM2)
ABC,Aiyam,,
ABC1.1,Aiya Mancal Noy,1264397227,Jaundice disorder due to aiyam (TM2)
ABD,Mukkurram,,
BWB,Azhal,,
LAC,,,
MDA,Vali,,
MDA1.1,Tamaraikkayttatippu,,
MDA1.2,Timirkkuri Noy,,
MDB,Azal,,
MDB1.1,Eri Pun,,
MDB1.2,Katuku Koppulam,,
MDB1.3,Karippun,,
MDB1.4,Karppun,,
MDB1.5,Karumarul Tiratcippun,,
MDB1.6,Nerukkukiranti,,
MDB1.7,Un Azippun,,
MDB1.8,Paravu Kattippun,,
MDB1.9,Pilappupun,,
MDB1.10,Cennirak Koppulam,,
MDB1.11,Ciru Koppulappun,,
MDB1.12,Tol Azippun,,
MDB1.13,Tol Tataippun,,
MDB1.14,Tulaippun,,
MDB1.15,Varicaippun,,
MDB1.16,Viral Koppulam,,
MDC,Aiyam,,
MDC1.1,Ilantaikkaykatti,,
MDC1.2,Unnirakkatti,,
MDC1.3,Cirumulai,,
MDC1.4,Venmekappun,,
MEA,Vali,,
MEC,Aiyam,,
NAC,Aiyam,,
PDD,Mukkurram,,
PDD1.1,Karuppaikkazuntupurru,,
PDD1.2,Karuppaippurru,,
QAD,Mukkurram,,
RFC,Aiyam,,
SAA,Talaiyil Kanum Varma Atikal,,
SAB,Kazuttil Kanum Varma Atikal,,
SAC,Nencil Kanum Varma Atikal,,
SAD,Vayirril Kanum Varma Atikal,,
SAE,Mutukil Kanum Varma Atikal,,
SAF,Kupakattil Kanum Varma Atikal,,
SAG,Totaiyil Kanum Varma Atikal,,
SAH,Muzankalil Kanum Varma Atikal,,
SAI,Kalil Kanum Varma Atikal,,
SAJ,Patattil Kanum Varma Atikal,,
SAK,Puyattil Kanum Varma Atikal,,
SAL,Muzankaiyil Kanum Varma Atikal,,
SAM,Muzankai Muttil Kanum Varma Atikal,,
SAN,Kaiyil Kanum Varma Atikal,,
SAO,Manikkattil Kanum Varma Atikal,,
TAA,Vali,,
VAA,Vali,,
VAA1.1,Vali Korukku Noy,,
VAB,Azal,,
VAB1.1,Azal Korukku Noy,,
VAC,Aiyam,,
VAC1.1,Aiya Korukku Noy,,
VAD,Mukkurram,,
VAD1.1,Mukkurra Korukku Noy,,
VAD1.2,Kuruti Korukku Noy,,
ZA,,,
ZAA,Vali,,
ZAB,Azal,,
ZAC,Aiyam,,
ABD1.1,,,
AC,Manniral Noy,567425990,Diseases of spleen
ACA,Vali,,
ACA1.1,Vali Manniral Noy,,
ACB,Azal,,
ACB1.1,Azal Manniral Noy,,
ACC,Aiyam,,
ACC1.1,Aiya Manniral Noy,,
ACD,Mukkurram,,
ACD1.1,Mukkurra Manniral Noy,,
AD,Nir Vetkai Noy,,
ADA,Vali,,
ADA1.1,Vali Nir Vetkai Noy,,
ADB,Azal,,
ADB1.1,Azal Nir Vetkai Noy,1368778001,Aggravation of Aẕal and increased thirst disorder (TM2)
ADC,Aiyam,,
ADC1.1,Aiya Nir Vetkai Noy,1539305997,Thirst disorder due to Aiyam (TM2)
ADC1.2,Ceriya Nir Vetkai Noy,1362253153,Thirst disorder due to dyspepsia (TM2)
ADD,Mukkurram,,
ADD1.1,Mukkurra Nir Vetkai Noy,,
AE,Utal Noy,464234830,Generalised oedema
AEA,Vali,,
AEA1.1,Vali Utal Noy,,
AEB,Azal,,
AEB1.1,Azal Utal Noy,,
AEC,Aiyam,,
AEC1.1,Aiya Utal Noy,,
AED,Mukkurram,,
AED1.1,Mukkurra Utal Noy,,
B,Tol Noykal,2044170142,Skin disorder of uncertain or unspecified nature
BA,Akki,,
BAA1.1,Akki,,
BAA,Vali,,
BB,Akkul Ericcal Katti,211970165,Abscess in the axilla disorder (TM2)
BBB1.2,Akkul Katti,211970165,Abscess in the axilla disorder (TM2)
BBB,Azal,,
BGB,Azal,,
BBB1.1,Akkul Ericcal Katti,,
BC,Kal Ani,,
BCA1.1,Kal Ani,,
BCA,Vali,,
BD,Kalancakappatai,63698555,Psoriasis
BDB1.1,Kalancakappatai,63698555,Psoriasis
BDB,Azal,,
BE,Kanakkati,,
BEB1.1,Kanakkati,,
BEB,Azal,,
BF,Karappan,1887882424,Dermatitis or eczema
BFA,Vali,,
BFA1.1,Kapala Karunkarappan,915176895,Hyperpigmentation of skin in the scalp disorder (TM2)
BIA1.1,Kapala Karunkuttam,915176895,Hyperpigmentation of skin in the scalp disorder (TM2)
BFA1.2,Kantak Karappan,902404076,Eczema disorder occuring in head and ears (TM2)
BFA1.3,Timirvatak Karappan,1061433480,Eczema disorder with joint pain (TM2)
BFA1.4,Vali Kapalak Karappan,182731908,Eczema disorder occurred in scalp due to increased Vaḷi (TM2)
BFA1.5,Varatcikkarappan,1954520243,Eczema disorder with dry skin (TM2)
BFA1.6,Vatak Karappan,182731908,Eczema disorder occurred in scalp due to increased Vaḷi (TM2)
BFB,Azhal,,
BFB1.1,Akki Katu Karappan,,
BFB1.2,Azal Kapalak Karappan,,
BFB1.3,Azukanni Katu Karappan,,
BFB1.4,Pittak Karappan,710901344,Eczema disorder caused by increased Aẕal (TM2)
BFB1.5,kollIkkarappann,,
BFB1.6,Pokki Katu Karappan,,
BFB1.7,Cori Katu Karappan,,
BFC1.2,Cori Katu Karappan,,
BFB1.8,Veti Katu Karappan,,
BFC,Aiyam,,
BFC1.1,Aiyak Kapala Karappan,182731908,Eczema disorder occurred in scalp due to increased Vaḷi (TM2)
BFC1.3,Cilettumakkarappan,550689076,Eczema disorder caused by increase Aiyam (TM2)
BG,Katti,1324834502,Pyogenic abscess of the skin
BGB1.1,Katti,1324834502,Pyogenic abscess of the skin
RF,Katti,1324834502,Pyogenic abscess of the skin
BGB1.2,Muttiranalakkatti,1210500328,Gonococcal infection of lower genitourinary tract with periurethral or accessory gland abscess
BGB1.3,Kalliral Katti,1323593849,Abscess of liver
BGB1.4,Manniral Katti,1831834962,Abscess of spleen
BGB1.5,Pakka Vilakkatti,,
BGB1.6,Marpu Katti,1511777595,Chest abscess
BGB1.7,Iraippaikkatti,1759664954,Gastric phlegmon
BGB1.8,Totai Itukku Katti,1263330409,Abscess in the inguinal region disorder (TM2)
BGB1.9,Antakkatti,2060835178,Abscess of scrotum
BGB1.10,Eruvaykkatti,,
BH,Koppulam,1081137172,Furuncle
BHB,Azal,,
BHB1.1,Akkul Koppulam,1537949129,Boils in the axilla disorder (TM2)
BHB1.2,Ammai Koppulam,,
BI,Kuttam,402520533,Skin lesion of uncertain or unspecified nature
BIA,Vali,,
BIA1.2,Kapala Vitak Kuttam,,
BIA1.3,Katic Cevi Kuttam,,
BIA1.4,Katuppuc Cevi Kuttam,,
BIA1.5,Karuncevi Kuttam,,
BIA1.6,Katuppu Peru Noy Karnakuttam,,
BIA1.7,Pullic Cevi Kuttam,,
BIA1.8,Caruma Cevik Kuttam,,
BIA1.9,Cevi Cenkuttam,,
BIA1.10,Vita Cevik Kuttam,,
BJ,Maccam,1757898640,Benign cutaneous melanocytic neoplasms
BJA1.1,Maccam,1757898640,Benign cutaneous melanocytic neoplasms
BJA,Vali,,
BK,Marul,1074706780,Common warts
BKA1.1,Marul,1074706780,Common warts
BKA,Vali,,
BL,Mayir Utiral,1313926062,Alopecia or hair loss
BLA1.1,Mayir Utiral,1313926062,Alopecia or hair loss
BLA,Vali,,
BM,Mukapparu,1892393023,Acne
BMB1.1,Mukapparu,1892393023,Acne
HAC1.3,Paru,1892393023,Acne
BMB,Azhal,,
BN,Narai,1511230615,Premature canities
BNC1.1,Narai,1511230615,Premature canities
BNC,Aiyam,,
BO,Pal Unni,466868531,Molluscum disorder (TM2)
BOA1.1,Pal Unni,466868531,Molluscum disorder (TM2)
BOA,Vali,,
BQ,Patartamarai,41336270,Ring worm infection disorder (TM2)
BQC1.1,Patartamarai,41336270,Ring worm infection disorder (TM2)
BSC1.2,Patartamarai Peru Noy Puntarikak Kuttam,41336270,Ring worm infection disorder (TM2)
BQC,Aiyam,,
BR,Penkal,1083938812,Pediculosis
BRA,Vali,,
BRA1.1,Penkal,1083938812,Pediculosis
BS,Perunoy,1841320198,Skin eruptions disorder (TM2)
BSA,Vali,,
BSA1.1,Attikkay Peru Noy Avutumpara Kuttam,221014277,Neurofibroma
BSA1.2,Nap Peru Noy Citma Kuttam,1918286002,Greenish yellow annular lesion disorder with numbness (TM2)
BSA1.3,Corip Peru Noy Vicarccika Kuttam,,
BSA1.4,Tolvetip Peru Noy Carmatala Kuttam,744429745,Thickened skin disorder with linear fissures with throbbing pain (TM2)
BSA1.5,Valaiyap Peru Noy Mantalak Kuttam,1752861800,Greenish red colured skin lesions disorder with oozing (TM2)
BSA1.6,Valip Peru Noy Aparica Kuttam,2027626462,Pain and fissures over the body disorder (TM2)
BSB,Azhal,,
BSB1.1,Koppulap Peru Noy Vicpotakak Kuttam,859620521,Blisters with burning sensation and thickened skin disorder (TM2)
BSB1.2,panrit Tol Peru Noy Kitipa Kuttam,228663763,Greenish discolouration with elephant skin thickening disorder (TM2)
BSB1.3,cirankup Peru Noy Pama Kuttam,,
BSB1.4,Tatippup Peru Noy Tatturukuttam,,
BSB1.5,Tor Peru Noy Carma Kuttam,1649449850,Greenish and pale skin eruptions disorder with pus (TM2)
BSC,Aiyam,,
BSC1.1,Karu Peru Noy Kirusna Kuttam,98221538,Blackish discoloration of the skin disorder (TM2)
BT,Venpatai,872905594,Occupational leukoderma
BTA,Vali,,
BTA1.1,Vata Ven Patai,,
BTB,Azhal,,
BTB1.1,Pitta Ven Patai,199920818,Leucoderma disorder caused by increased Aẕal (TM2)
BTB1.2,Meka Ven Patai,23538654,Leucoderma disorder caused by increased heat (TM2)
BTC,Aiyam,,
BTC1.1,Kapa Ven Patai,,
BU,Itara Noykal,,
BUA,Vali,,
BUA1.1,Potuku,1291606644,Pityriasis capitis
BUA1.2,Puzuvettu,1313926062,Alopecia or hair loss
BUA1.3,Tol Varatci,827960496,Atopic xeroderma
BUA1.4,Toltatippu,422046362,Full thickness skin graft failure
BUB,Azhal,,
BUB1.1,Tapitam,396939646,Inflammatory arthropathies
GA,Tapitam,396939646,Inflammatory arthropathies
BUB1.2,Temal,67108853,Pityriasis versicolor
BUB1.3,Cilvita Tatippu,,
BUB1.4,Mekat Tazumpu,1689707039,Scar caused by veneral ulcers disorder (TM2)
BUB1.5,Tazumpu,188639283,"Scar of skin, not elsewhere classified"
BUB1.6,Verkkuru,1245016385,Miliaria rubra
BUB1.7,Vazukkai,,
BUB1.8,Pittavetippu,,
BV,Cilaippun,1638777406,Neurotrophic ulcer disorder (TM2)
BVA,Vali,,
BVA1.1,Valicilaippun,,
BVA1.2,Enpucilaippun,,
BVC1.1,Aiyacilaippun,,
BVA1.3,Mukkurracilaippun,,
BVB,Azhal,,
BVB1.1,Azalcilaippun,,
BVC,Aiyam,,
BW,Punkal,2058491071,Osteomyelitis or osteitis
BWB1.1,patukkaip Pun,455330172,Pressure ulceration
BWB1.2,Pun,960305085,Dyspnoea
BWB1.3,Cerru Pun,922959334,Wounds present in web of the feet disorder (TM2)
BWB1.4,Tip Pun,1492289359,Wounds disorder caused by burns (TM2)
C,Tacai Marrum Enpu Noykal,1183362073,Personal history of diseases of the musculoskeletal system or connective tissue
CA,Kil Vayu,396939646,Inflammatory arthropathies
CAA,Vali,,
CAA1.2,Vali Kil Vayu,576319925,Rheumatoid arthritis
CAA1.3,Vali Azal Kil Vayu,576319925,Rheumatoid arthritis
CAA1.4,Vali Aiya Kil Vayu,622473950,Direct infections of joint
CAB,Azal,,
CAB1.1,Azal Kil Vayu,558562409,Osteoarthritis
CAB1.2,Azal Vali Kil Vayu,,
CAB1.3,Azal Aiya Kil Vayu,1174862381,Syphilitic arthritis
CAC,Aiyam,,
CAC 1.1,Aiya Kil Vayu,486812263,Tuberculous arthritis
CAC 1.2,Aiya Vali Kil Vayu,488918209,Gonococcal arthritis
CAC 1.3,Aiya Azal Kil Vayu,855395716,Arthritis disorder with increased body heat and swelling (TM2)
CAD,Mukkurram,,
CAD1.1,Mukkurra Kil Vayu,,
D,Cuvacanoykal,197934298,Diseases of the respiratory system
DA,Iraippu Noy,577724120,"Unspecified asthma, uncomplicated"
DAA,Vali,,
DAA1.1,Vali Iraippu Noy,,
DAA1.2,Mel Nokku Iraippu Noy,1480952049,Unspecified asthma with status asthmaticus
DAC,Aiyam,,
DAC1.1,Aiya Iraippu Noy,1429671974,Cardiac asthma
DAC1.2,Aiyavali Iraippu Noy,,
DAD,Mukkurram,,
DAD1.1,Mukkurra Iraippu Noy,,
DB,Irumal Noy,2027526159,Cough
DBA,Vali,,
DBA1.1,Vata Irumal Noy,1901511568,Cough disorder due to increased Vaḷi (TM2)
DBA1.2,Vatapitta Irumal Noy,88128717,Cough due to derangement of Vaḷi and Aẕal disorder (TM2)
DBA1.3,Cuvaca Irumal Noy,1466639844,Cough variant asthma
DBB,Azal,,
DBB1.1,Pitta Irumal Noy,2077975804,Cough disorder due to increased Aẕal (TM2)
DBB1.2,Pittakapa Irumal Noy,,
DBB1.3,Rattakacam Irumal Noy,70057373,Cough disorder due to haemophobia (TM2)
DBC,Aiyam,,
DBC1.1,Pinica Irumal Noy,1626348408,Cough disorder occuring in sinusitis (TM2)
DBC1.2,Kapa Irumal Noy,1643597866,Cough disorder due to increased Aiyam (TM2)
DBC1.3,Mantarakacam Irumal Noy,1858087460,Cough disorder due to seasonal variations (TM2)
DBC1.4,Pakkamantara Irumal Noy,1682804040,Cough disorder due to waxing and wanning of moon (TM2)
DBC1.5,Cutar Irumal Noy,86750915,Post puerperal cough disorder (TM2)
DBD,Mukkurram,,
DBD1.1,Mukkurra Irumal Noy,,
DC,Kural Kammal,1293014912,Hoarseness of voice disorder (TM2)
DCA,Vali,,
DCA1.1,Vali Kural Kammal,,
DCB,Azal,,
DCB1.1,Azal Kural Kammal,,
DCC,Aiyam,,
DCC1.1,Aiya Kural Kammal,,
DCC1.2,Ilaippu Noy Kural Kammal,,
DCC1.3,Ninak Kural Kammal,1201434860,Hoarseness of voice caused by increased lymph disorder (TM2)
DCD,Mukkurram,,
DCD1.1,Mukkurra Kural Kammal,,
DD,Mukkataippu Noy,1836987572,Chronic rhinosinusitis
DDA,Vali,,
DDA1.1,Vali Mukkataippu Noy,2055292625,Sinusitis caused by increased Vaḷi disorder (TM2)
DDB,Azal,,
DDB1.1,Azal Mukkataippu Noy,7058082,Sinusitis caused by increased Aẕal disorder (TM2)
DDB1.2,Kuruti Mukkataippu,,
DDB1.3,Mulai Mukkataippu Noy,240878578,Sinusitis associated with blister in the nose disorder (TM2)
DDB1.4,Ciz Mukkataippu Noy,900727192,Infective sinusitis disorder (TM2)
DDC,Aiyam,,
DDC1.1,Aiya Mukkataippu Noy,81142942,Sinusitis caused by increased Aiyam disorder (TM2)
DDC1.2,Kazuttu Mukkataippu Noy,,
DDC1.3,Nir Mukkataippu Noy,,
DDC1.4,Ciray Mukkataippu Noy,,
E,Unavuppatai Noykal,1256772020,Diseases of the digestive system
EA,Eruvay Mulai Noy,1352501137,Haemorrhoids
EAA,Vali,,
EAA1.1,Eruvay Nir Mulai,1748417677,Piles disorder with abdominal pain and flatulence (TM2)
EAA1.2,Eruvayc Centu Mulai,,
EAA1.3,Eruvay Perumulai,604625427,External piles disorder with growth in the size of Curcuma longa (TM2)
EAA1.4,Tamaraka Mulai,1353242626,External bleeding piles disorder with growth in the size of lotus flower (TM2)
EAA1.5,Vali Mulai,1656429537,Piles disorder caused by derangement of Vaḷi (TM2)
EAA1.6,Vinai Mulai,1048731319,Piles associated with neurological pain and belching disorder (TM2)
EAA1.7,Kazal Mulai,186788531,Piles associated with penile ulcers disorder (TM2)
EAA1.8,Atittallal,2050618820,External piles disorder with growth in the size of bamboo bud and bloody pus discharge (TM2)
EAA1.9,Curukku Mulai,351701991,Piles associated with intestinal pain and increased body heat disorder (TM2)
EAB,Azal,,
EAB1.1,Azal Mulai,408022930,Piles disorder caused by derangement of Aẕal (TM2)
EAB1.2,Eruvay Varal Mulai,1512406894,External piles disorder with dryness (TM2)
EAB1.3,Kuruti Mulai,2139302050,Bleeding piles disorder (TM2)
EAB1.4,Ciz Mulai,233640248,Piles disorder with pus exudates from anus (TM2)
EAB1.5,Meka Mulai,1323634092,Piles associated with glycosuria disorder (TM2)
EAC,Aiyam,,
EAC1.1,Aiya Mulai,316426494,Piles disorder caused by derangement of Aiyam (TM2)
EAC1.2,Eruvay Ciru Mulai,548686893,External piles disorder with small growth (TM2)
EAC1.3,Kuzi Mulai,2057192882,External piles disorder with growth in the size of coocinia grandis and pus discharge (TM2)
EAC1.4,Veli Mulai,708438849,External piles disorder with numerous acne size growth around the anus (TM2)
EAC1.5,Cavvu Mulai,1311356886,External piles disorder with skin tag (TM2)
EB,Kunmam,,
EBA,Vali,,
EBA1.1,Vali Kunmam,,
EBA1.2,Vali Kunmam,,
EBA1.3,Kal Kunmam,1095184393,Gastric disorder due to increased flattulence (TM2)
EBB,Azal,,
EBB1.1,Azal Kunmam,,
EBB1.2,Eri Kunmam,1145813715,"Peptic ulcer, site unspecified"
EBB1.3,Vanti Kunmam,464604886,Gastric disorder with vomiting (TM2)
EBC,Aiyam,,
EBC1.1,Aiya Kunmam,,
EBD,Mukkurram,,
EBD1.1,Mukkurra Kunmam,,
EC,Katuppukkaziccal,734393149,Loose stools disorder with blood and pus (TM2)
ECB1.1,Katuppukkaziccal,734393149,Loose stools disorder with blood and pus (TM2)
ECB,Azal,,
ED,Manta Noy,1256772020,Diseases of the digestive system
EDA,Vali,,
EDA1.1,Kol Manta Noy,,
EDB,Azal,,
EDB1.1,Nancu Manta Noy,,
EDC,Aiyam,,
EDC1.1,Aiya Manta Noy,,
EE,Ninak Kaziccal,370126495,Infantile dysentry disorder (TM2)
EEA,Vali,,
EEA1.1,Vali Ninak Kaziccal,,
EEA1.2,Ottu Ninak Kaziccal,,
EEA1.3,Kutarkal Ninak Kaziccal,,
EEA1.4,Kiz Vayuk Kaziccal,,
EEB,Azal,,
EEB1.1,Azal Ninak Kaziccal,,
EEB1.2,Azarkal Ninak Kaziccal,,
EEB1.3,Ericcal Ninak Kaziccal,,
EEB1.4,Cul Ninak Kaziccal,,
EEB1.5,Kunma Kaziccal,,
EEC,Aiyam,,
EEC1.1,Aiya Ninak Kaziccal,,
EED,Mukkurram,,
EED1.1,Mukkurra Ninak Kaziccal,,
EF,Perun Kaziccal,272989015,Bloody loose stools disorder (TM2)
EFA,Vali,,
EFA1.1,Valipperun Kaziccal,4413599,Loose stools disorder caused by derangement of Vaḷi (TM2)
EFA1.2,Curapperun Kaziccal,2125695650,Loose stools disorder occuring in fever (TM2)
EFB,Azal,,
EFB1.1,Azal Perun Kaziccal,358094407,Loose stools disorder caused by derangement of Aẕal (TM2)
EFB1.2,Kuruti Perun Kaziccal,272989015,Bloody loose stools disorder (TM2)
EFB1.3,Payam Perun Kaziccal,534098219,Loose stools disorder occuring in fearness (TM2)
EFB1.4,Thoda Perun Kaziccal,,
EFC,Aiyam,,
EFC1.1,Aiya Perun Kaziccal,2142552576,Loose stools disorder caused by derangement of Aiyam (TM2)
EFD,Mukkurram,,
EFD1.1,Mukkurra Perun Kaziccal,443509835,Loose stools disorder caused by derangement of Mukkuṟṟam (TM2)
EG,Ceriyamai,1616929118,Functional dyspepsia
Z$18,Acirana Pittam,1616929118,Functional dyspepsia
EGA,Vali,,
EGA1.1,Vali Ceriyamai,,
EGB,Azal,,
EGB1.1,Azal Ceriyamai,,
EGC,Aiyam,,
EGC1.1,Aiya Ceriyamai,,
EGD,Mukkurram,,
EGD1.1,Mukkurra Cuvaiyinmai Noy,,
EHD1.1,Mukkurracuvaiyinmai Noy,,
EH,Cuvaiyinmai Noy,1320493037,Dysgeusia
EHA,Vali,,
EHA1.1,Vali Cuvaiyinmai Noy,,
EHB,Azal,,
EHB1.1,Azal Cuvaiyinmai Noy,,
EHB1.2,Mana Cuvaiyinmai Noy,,
EHC,Aiyam,,
EHC1.1,Aiya Cuvaiyinmai Noy,,
EHD,Mukkurram,,
EI,Vanti,447658033,Vomiting
EIA,Vali,,
EIA1.1,Vali Vanti,,
EIB,Azal,,
EIB1.1,Eru Vanti,185363103,Vomiting of faecal matter
EIB1.2,Azal Vanti,,
EIB1.3,Kanneru Vanti,,
EIB1.4,Kuruti Vanti,,
EIB1.5,Veruppu Vanti,,
EIB1.6,Puzu Vanti,1099090682,Vomiting due to helmenthic infections disorder (TM2)
EIB1.7,Cul Vanti,1890576287,Morning sickness during pregnancy (Nausea gravidarum) disorder (TM2)
EIC,Aiyam,,
EIC1.1,Aiya Vanti,,
EID,Mukkurram,,
EID1.1,Mukkurra Vanti,,
EJ,Vikkal Noy,798509501,Hiccough
EJA,Vali,,
EJA1.1,Vali Vikkal Noy,,
EJB,Azal,,
EJB1.1,Azal Vikkal Noy,,
EJC,Aiyam,,
EJC1.1,Aiyavikkal Mulai,,
EJC1.2,Ceriya Vikkal Noy,416514273,Hiccough disorder due to gastroesophageal reflux (TM2)
EJD,Mukkurram,,
EJD1.1,Mukkurra Vikkal Noy,,
F,Narampu Noykal,1812940625,Neurological complications of Behçet disease
FA,Canni Noy,897917531,Delirium
TO,Canni,897917531,Delirium
TOD1.6,Alarttitu Canni,897917531,Delirium
FAD,Mukkurram,,
TOD,Mukkurram,,
FAD1.1,Cantika Canni,,
FAD1.2,Antaka Canni,,
FAD1.3,Ruttaka Canni,,
FAD1.4,Citta Viprama Canni,,
FAD1.5,Citanka Canni,,
FAD1.6,Tantarika Canni,,
FAD1.7,Kantakupca Canni,,
FAD1.8,Karnika Canni,,
FAD1.9,Puknanettira Canni,,
FAD1.10,Raktastivi Canni,,
FAD1.11,Piralapa Canni,,
FAD1.12,Cimmaka Canni,,
FAD1.13,Apiniyaca Canni,,
FB,Valippu,1397288146,Epilepsy or seizures
FBD,Mukkurram,,
FBD1.1,Muppini Valippu,,
FBD1.2,Kutirai Valippu,,
FBD1.3,Kurankuvalippu,,
FBD1.5,Muyal Valippu,,
FBD1.12,Mukkurra Valippu,,
FBD1.16,Vikkal Valippu,,
FBD1.18,Kozai Valippu,,
FBD1.4,Kakkai Valippu,1807637236,Epilepsy due to Aiyam disorder (TM2)
FBD1.13,Aiya Valippu,1807637236,Epilepsy due to Aiyam disorder (TM2)
FBD1.6,Timir Valippu,,
FBD1.7,Kun Valippu,,
FBD1.8,Kotiya Valippu,,
FBD1.9,Marana Valippu,,
FBD1.10,Mano Valippu,,
FBD1.11,Nancu Valippu,,
FBD1.14,Vil Valippu,1659266639,Opisthotonos
FBD1.15,Cura Valippu,,
FBD1.17,Talai Valippu,,
FBD1.19,Otu Valippu,,
FBD1.20,Marpu Valippu,,
FBD1.21,Tamaraka Valippu,,
G,Makalir Noykal,585064432,Diseases of the female genital system
GAA,Azal,,
GAA1.1,Cinaippai Tapitam,1249127955,Inflammation of ovary
GAA1.2,Akal Tapitam,727252860,Vulvitis
GAA1.3,Yoni Tapitam,290861382,Vaginitis
Z51,Yoniculai Vatam,290861382,Vaginitis
GAA1.4,Yoni-Akal Tapitam,1578618352,Acute vulvovaginitis
GAA1.5,Kazuntu Tapitam,1433247301,Cervicitis
GAA1.6,Karuppai Ulkavaca Tapitam,,
GB,Cutaka Tatai,1595830028,Amenorrhoea
GBA,Vali,,
GBA1.1,Kukarana Mey Cutaka Tatai,,
GBA1.2,Poli Cutaka Tatai,,
GC,Cutaka Vali,,
GCA,Vali,,
GCA1.1,Aka Cutaka Vali,1237728775,Dysmennorrhea disorder due to reproductive organ diseases (TM2)
GD,Kazalai,1630407678,Neoplasms
GDC,Aiyam,,
GDC1.1,Karuppaitacai Vankazalai,,
GDC1.2,Karuppai Kampu Kazalai,1177845017,Tumour of cervix disorder (TM2)
GE,Karppa Kirani,459810581,Diarrhoea disorder during pregnancy (TM2)
GEA1.1,Karppa Kirani,459810581,Diarrhoea disorder during pregnancy (TM2)
GEA,Vali,,
GF,Perumpatu,1162728986,Excessive menstruation with regular cycle
GFA,Vali,,
GFA1.1,Vata Perumpatu,,
GFB,Azal,,
GFB1.1,Pitta Perumpatu,2069762553,Menorrhagia due to increased Aẕal disorder (TM2)
GFB1.2,Acatarana Perumpatu,357921189,Dysfunctional uterine bleeding
GFB1.3,Catarana Perumpatu,147967528,Abnormal uterine bleeding
GFC,Aiyam,,
GFC1.1,Cetuma Perumpatu,,
GFD,Mukkurram,,
GFD1.1,Tonta Perumpatu,,
GG,Makalir Vellai Noy,879327727,Leukorrhoea
GGB1.1,Vellai Noy,879327727,Leukorrhoea
GGB,Azal,,
GH,Yoni Noykal,106734019,Noninflammatory disorders of vagina
GHA,Vali,,
GHA1.1,Culai Yoni,1932194482,Sexual pain-penetration disorder
GHA1.2,Vata Yoni,,
GHA1.3,Vali Yoni,,
GHA1.4,Vati Yoni,,
GHA1.5,Tulita Yoni,,
GHA1.6,Puppukala Yoni,,
GHB,Azal,,
GHB1.1,Pitta Yoni,,
GHB1.2,Kuruti Yoni,46736715,Genital ulcer disease of vagina
GHB1.3,Kuruti Ciz Yoni,,
GHB1.4,Kotippu Yoni,,
GHB1.5,Cutka Yoni,,
GHB1.6,Civappu Yoni,1217587798,Primary herpetic vulvovaginitis
GHB1.7,Napuncaka Yoni,,
GHB1.8,Aticarana Yoni,,
GHB1.9,Kirumi Yoni,,
GHB1.10,Viparita Yoni,,
GHC,Aiyam,,
GHC1.1,Aiya Yoni,,
GHC1.2,Kozai Yoni,,
GHC1.3,Maka Yoni,,
GHC1.4,Tamaraka Yoni,,
H,Katu Mukku Tontai Noykal,,
HA,Mukku Noykal,1723702006,"Disorder of the nose, unspecified"
HAA,Vali,,
HAA1.1,Karappan,1501415190,Eczema disorder of the nose (TM2)
HAA1.2,Pilavai,1684408498,Carbuncle present in the nose disorder (TM2)
HAC,Aiyam,,
HAC1.1,Nacikapitam,,
HAC1.2,Kazalai,137754914,Nasal polyp
HB,Cevi Noy,1769556904,"Disorders of ear, not elsewhere classified"
HBA,Vali,,
HBA1.1,Curonita Cevivali,,
HBA1.2,Virana Cevi Vali,,
HBA1.3,Cevivirai Vali,,
HBA1.4,Cevi Timir Vali,,
HBA1.5,Vayu Cevi Culai,,
HBA1.6,Temalkatu Karappan,,
HBA1.7,Cori Katu Karappan,,
HBA1.8,Pokkikatu Karappan,,
HBA1.9,Vetikatu Karappan,,
HBA1.10,Azukannikatu Karappan,,
HBA1.11,Irana Cevi Ezucci,,
HBA1.12,Curam Cevi Ezucci,,
HBA1.13,Caruma Cevi Kuttam,,
HBA1.14,karun Cevi Kuttam,,
HBA1.15,Katuppu Cevi Kuttam,,
HBA1.16,Kati Cevi Kuttam,,
HBA1.17,Vali Pilavai,,
HBA1.18,Kuruti Cevi Paru,,
HBA1.19,Kunri Cevi Paru,,
HBA1.20,Vita Cevi Paru,,
HBB,Azal,,
HBB1.1,Pulli Cevi Kuttam,,
HBB1.2,Cevi Cenkuttam,,
HBB1.3,Curam Cevi Culai,,
HBB1.4,Kuruti Cevi Kuttam,,
HBB1.5,Cennir Cevi Kuttam,,
HBB1.6,Vita Cevi Kuttam,,
HBB1.7,Anar Cevi Paru,,
HBB1.8,Cennir Cevi Ezucci,,
HBB1.9,Kollikatu Karappan,,
HBB1.10,Akkikatu Karappan,,
HBB1.11,Nir Katu Karappan,,
HBC,Aiyam,,
HBC1.1,Ven Cevi Kuttam,,
HBC1.2,Kunri Pilavai,,
HBC1.3,Mankisa Cevi Culai,,
HBC1.4,Aiyam,,
HBC1.5,Ciz Cevi Ezucci,,
HBC1.6,Nir Cevi Ezucci,,
HBC1.7,Pokki Cevi Paru,,
HBC1.8,Virana Cevi Paru,,
HBC1.9,Kuvai Cevi Paru,,
HBC1.10,Nir Cevi Paru,,
HBC1.11,Nir Cevi Culai,,
HBC1.12,Nirpilavai,,
HBC1.13,Kazalai Pilavai,,
HBD,Mukkurram,,
HBD1.1,Ciz Cevi Canni,,
HBD1.2,Kuruti Cevi Canni,,
HBD1.3,Nir Cevi Canni,,
HBD1.4,Vali Cevi Canni,,
HBD1.5,Mukkurra Ceviezucci,,
HC,Vay Noykal,504580572,Facial paralysis disorder (TM1)
HCA,Vali,,
HCA1.1,Vali Utatunoy,,
HCA1.2,Kutta Utatunoy,,
HCB,Azal,,
HCB1.1,Azal Utatunoy,,
HCB1.2,Catai Utatunoy,,
HCB1.3,Kuruti Utatunoy,,
HCB1.4,Vetippu Utatunoy,,
HCC,Aiyam,,
HCC1.1,Aiya Utatunoy,,
HCC1.2,Nir Utatunoy,,
HCC1.3,Minumunuppu Utatunoy,,
HCC1.4,Utattil Atipatta Vikkam,,
HCD,Mukkurram,,
HCD1.1,Mukkurra Utatunoy,,
HD,Nakku Noykal,928435705,Diseases of tongue
HDB,Azal,,
HDB1.1,Nakku Noykal,,
I,Nalamilla Curappi Noykal,461716838,Endocrine diseases
J,Torru Noykal,1435254666,Certain infectious or parasitic diseases
JA,Ammai Noy,1826431497,Measles
JAB,Azal,,
JAB1.1,Katuku Ammai,,
JAB1.2,Kallutari Ammai,,
JAB1.3,Karumpanicai Ammai,,
JAB1.4,Kollammai,,
JAB1.5,Kuluvan Ammai,,
JAB1.6,Milakammai,,
JAB1.7,Pacippayarrammai,,
JAB1.8,Panaimukari Ammai,,
JAB1.9,Varakutari Ammai,,
JAB1.10,Viccarippu Ammai,,
JAC,Aiyam,,
JAC1.1,Pal Ammai,,
JAC1.2,Upputiri Ammai,,
JAC1.3,Ventaya Ammai,,
JAD,Mukkurram,,
JAD1.1,Tavalai Ammai,,
JB,Ilaippu Noy,2072728114,Tuberculosis
JBA,Vali,,
JBA1.1,Atokata Totam,,
JBA1.2,Kottakata Totam,,
JBA1.3,Tiriyakkata Totam,,
JBA1.4,Urttuvakata Totam,,
JC,Uzi Noy,257068234,Cholera
JCA,Vali,,
JCA1.1,Vali Uzi,,
JCB,Azal,,
JCB1.1,Azal Uzi,,
JCC,Aiyam,,
JCC1.1,Aiya Uzi,,
JD,Ulaimantai,131635852,"Intestinal tuberculosis, unspecified"
JDA,Vali,,
JDA1.1,Vata Ulaimantai,,
JDB,Azal,,
JDB1.1,Pitta Ulaimantai,,
JDC,Aiyam,,
JDC1.1,Kapa Ulaimantai,,
JDD,Mukkurram,,
JDD1.1,Tiritota Ulaimantai,,
K,Ula Noykal,334423054,"Mental, behavioural or neurodevelopmental disorders"
KA,Piramai,665363966,Hallucinations
KAA,Vali,,
KAA1.1,Vata Piramai,,
KAB,Azal,,
KAB1.1,Pitta Piramamai,,
KAC,Aiyam,,
KAC1.1,Kapa Piramai,,
KB,Kirikai,281200968,Lunacy disorder (TM2)
KBA,Vali,,
KBA1.1,Vata Kirikai,1697598341,Catatonic withdrawal with raising up and lying down disorder (TM2)
KBA1.2,Natavintu Kirikai,,
KBA1.3,Munankal Kirikai,,
KBA1.4,Valippu Kirikai,1779970441,Catatonic excitement with veins pounding disorder (TM2)
KBA1.5,Peypiti Kirikai,264477758,Catatonic excitement with tearing their dresses disorder (TM2)
KBB,Azal,,
KBB1.1,Anarkirikai,,
KBB1.2,Pitta Kirikai,,
KBB1.3,Eccil Kirikai,,
KBB1.4,Puta Kirikai,,
KBB1.5,Jala Kirikai,,
KBB1.6,Kal Eri Kirikai,,
KBB1.7,Kumpitu Kirikai,,
KBB1.8,Alaru Kirikai,2058986033,Catatonic withdrawal with purposeless yelling disorder (TM2)
KBB1.9,Marut Kirikai,,
KBC,Aiyam,,
KBC1.1,Cilettumak Kirikai,1872948457,Catatonic withdrawal with yawning and shutting tears disorder (TM2)
KBC1.2,Mokinik Kirikai,,
KBC1.3,Mutu Kirikai,1882457437,Catatonic withdrawal disorder (TM2)
KBC1.4,Nirkuti Kirikai,,
KC,Kuti Veri Noy,1991751314,Alcohol
KCB1.1,Kuti Veri Noy,1991751314,Alcohol
KCB,Azal,,
KD,Matazivu,,
KDA,Vali,,
KDA1.1,Vali Matazivu,,
KDB1.1,Azal Mataazivu,,
KDC1.1,Aiya Mataazivu,,
KDD1.1,Mukkurra Mataazivu,,
KDA1.2,Vanmaiketu Matazivu,,
KDB,Azal,,
KDC,Aiyam,,
KDC1.2,Utarketu,,
KDD,Mukkurram,,
KE,Mayakkanoy,1000337196,Stupor
KEA,Vali,,
KEA1.1,Vali Mayakkanoy,,
KEB,Azal,,
KEB1.1,Azal Mayakkanoy,,
KEB1.2,Kuruti Mayakkanoy,,
KEC,Aiyam,,
KEC1.1,Aiya Mayakkanoy,,
KEC1.2,Nancu Mayakkam,,
KED,Mukkurram,,
KED1.1,Mukkurra Mayakkanoy,,
KF,Cerukku Noy,,
KFA,Vali,,
KFA1.1,Vali Cerukku Noy,,
KFB,Azal,,
KFB1.1,Azal Cerukku Noy,,
KFB1.2,Kuruti Cerukku Noy,,
KFC,Aiyam,,
KFC1.1,Aiya Cerukku Noy,,
KFD,Mukkurram,,
KFD1.1,Mukkurra Cerukku Noy,,
KG,Cutikavatam,953661315,Histrionic personality disorder
KGA1.1,Cutikavatam,953661315,Histrionic personality disorder
KGA,Vali,,
KH,Veri,441413164,Insanity disorder (TM2)
KHA,Vali,,
KHA1.1,Vali Veri,,
KHB,Azal,,
KHB1.1,Azal Veri,,
KHB1.2,Nancu Veri,,
KHC,Aiyam,,
KHC1.1,Aiya Veri,,
KHC1.2,Coka Veri,,
KHD,Mukkurram,,
KHD1.1,Mukkurra Veri,,
L,Irutaya Noykal,1013092713,"Cardiac disorder, unspecified"
LA,Kuruti Azal Noy,451942852,Traumatic purpura
Z$11,Uratta Pitta Vatam,451942852,Traumatic purpura
LAA,Vali,,
LAA1.1,Vali Kurutiyazal Noy,,
LAA1.2,Valiti Kurutiyazal Noy,,
LAA1.3,Vali Aiya Kurutiyazal Noy,,
LAB,Azal,,
LAB1.1,Tikkurutiyazal Noy,,
LAC1.1,Aiya Kurutiyazal Noy,,
LAC1.2,Aiyavali Kurutiyazal Noy,,
LAC1.3,Aiya Azal Kurutiyazal Noy,,
LAD,Mukkurram,,
LAD1.1,Mukkurra Kurutiyazal Noy,,
LB,Tamaraka Noy,2135151223,Diseases of the myocardium or cardiac chambers
LBA,Vali,,
LBA1.1,Vata Tamaraka Noy,,
LBB,Azal,,
LBB1.1,Pitta Tamaraka Noy,,
LBC,Aiyam,,
LBC1.1,Kapa Tamaraka Noy,,
LBD1.1,Mukkurra Tamaraka Noy,,
LBD,Mukkurram,,
M,Inapperukka Noykal,1237728775,Dysmennorrhea disorder due to reproductive organ diseases (TM2)
MA,An Malatu,753457327,Male infertility
MAA1.1,An Malatu,753457327,Male infertility
MAA,Vali,,
MB,Pen Malatu,1237004558,Female infertility
MBA,Vali,,
MBA1.1,Kaka Malatu,,
MBA1.2,Katali Malatu,,
MBA1.3,Cutta Malatu,1237004558,Female infertility
MC,Punarcci Noykal,,
MCB,Azal,,
MCB1.1,Punarcci Vali,126329423,Dyspareunia
MD,Ankuri Noykal,37689731,Vascular disorders of male genital organs
ME,Vitai Noykal,85116327,"Disease or disorder of testis, unspecified"
MEA1.1,Kutal Vitai Noy,474718032,Inguinal hernia
MEA1.2,Kumural Vitai Noy,474718032,Inguinal hernia
MEC1.1,Nir Vitai Noy,,
MEC1.2,Cataivitai Noy,1516011744,Elephantiasis of the scrotum disorder (TM2)
N,Kan Noykal,868865918,Diseases of the visual system
,Itara Kan Noykal,,
NAA,Vali,,
NAA1.1,Ukkira Rokam,,
NAA1.2,Caykan Kurutu,,
NAA1.3,Tuyakan Kurutu,,
NAA1.4,Cuzal Vanterital,,
NAA1.5,Cotikaviranam,2089700977,Corneal ulcer
NAA1.6,Patikuntam,,
NAA1.7,Pukaiccal,,
NAA1.8,Cevver,,
NAA1.9,Kuvalai Nerittal,,
NAA1.10,Pakkappatuvan,,
NAA1.11,Vennerkkatu,,
NAA1.12,Vitana Mantaram,,
NAA1.13,Cutar Pala Tonral,,
NAA1.14,Puttiyazittal,,
NAB1.17,Kuvalaippatuvan,,
NAA1.15,Ponkiya Vitanam,,
NAA1.16,Cantira Rokam,,
NAA1.17,Kuci Vizittal,,
NAB,Azal,,
NAB1.1,Akkirarokam,,
NAB1.2,Avikaya Viranam,,
NAB1.3,Kan Tinavu,,
NAB1.4,Anna Kopam,,
NAB1.5,Maruvu Kan Civappu,,
NAB1.6,Erivizi Mazunkutal,,
NAB1.7,Matanamantaram,,
NAB1.8,Kan Viranam,,
NAB1.9,Ataintezuntital,,
NAB1.10,Uruvizi Putaittal,,
NAB1.11,Paravaippu,,
NAB1.12,Amaram,,
NAB1.13,Cuzal Vizi Erittal,,
NAB1.14,Mayir Puzuvettu,,
NAB1.15,Vinki Vizittal,,
NAB1.16,Nattaippatuvan,,
NAB1.18,Azarri,,
NAB1.19,Imaiyoturuttal,,
NAC1.1,Arupam,,
NAC1.2,Kankurutu,,
NAC1.3,Parumulai,,
NAC1.4,Turmamicam,,
NAC1.5,Vellezuttu,42829604,"Sensitivity of eyes, blurred vision and long sightedness disorder (TM2)"
NAC1.6,Atimantaram,,
NAC1.7,Coti Neri,,
NAC1.8,Kacamuruki,,
NAC1.9,Malaikkan,205882698,Night blindness
NDA1.11,Malaikkan Timiram,205882698,Night blindness
NAC1.10,Akkaram,,
NAC1.11,Azuntitum Pirittal,,
NAC1.12,Tunnu Ven Pukaiccal,,
NAC1.13,Corakkan Tutippu,,
NAC1.14,Valarntezu Rokam,,
NAC1.15,Matana Mantaram,,
NAC1.16,Cutarati Mamicam,,
NAC1.17,Uyarntu Kan Putaittal,,
NAC1.18,Kumpimai Tatittal,,
NAC1.19,Ezu Nayiru,,
NAC1.20,Piravikkurutu,,
NAC1.21,Varuncalarokam,,
NB,Imai Noykal,,
NBA,Vali,,
NBA1.1,Muta Mayir,1143150083,Trichiasis disorder (TM2)
NBA1.2,Iziccakkan,1627987797,Seborrhoeic keratosis
NBA1.3,Currukkulaivu,,
NBA1.4,Imaiyuyarcci,857829804,Ectropion of eyelid
NBB,Azal,,
NBB1.1,Iratta Kazalai,,
NBB1.2,Rattam Parpa Rokam,777918741,Chalazion
NBB1.4,Puzukkati,1920274373,Ciliary madarosis
NBC,Aiyam,,
NBC1.1,Nir Pillam,284613639,Trichinosis
NBC1.2,Kutar Pillam,,
NBC1.3,Imai Tatippu,1248470145,Posterior blepharitis
NBC1.4,Nir Kazalai,,
NBC1.5,Tacai Kazalai,735227050,Eyelid tumour disorder (TM2)
NBC1.6,Nir Parpa Rokam,522397394,Hordeolum externum
NBC1.7,Mankisa Parpa Rokam,1259721857,Hordeolum
NBC1.8,Imainir Payccal,1611503766,Epiphora
NC,Kataikan Noykal,,
NCA,Vali,,
NCA1.1,Vizi Vali,,
NCA1.2,Nitiravayu,,
NCB,Azal,,
NCB1.1,Ratta Patartti,,
NCB1.2,Ratakuvai,,
NCB1.3,Viranap Paru,,
NCB1.4,Imaikkurutu,,
NCC,Aiyam,,
NCC1.1,Kan Nokkatu,,
NCC1.2,Puccantiram,,
NCC1.3,Imaik Kumiz,,
ND,Karuvizi Noykal,980864631,Disorders of the cornea
NDA,Vali,,
NDA1.1,Vali Kacam,358308722,Corneal eye disease with blindness and increased lacrimation disorder (TM2)
NDA1.2,Vala Kacam,,
NDC1.2,Nilakkacam,,
NDA1.3,Maninila Kacam,,
NDA1.4,Nirezu Kacam,1121025478,Corneal eye disease with fleshy growth disorder (TM2)
NDC1.4,Tunnu Kacam,1121025478,Corneal eye disease with fleshy growth disorder (TM2)
NDA1.5,Tuttitun Kacam,,
NDB1.6,Varezu Kacam,,
NDA1.6,Cataip Patalam,,
NDB1.8,Rattap Patalam,,
NDA1.7,Karunkumutam,,
NDA1.8,Virana Cukkiran,,
NDA1.9,Karutta Cukkiran,,
NDA1.10,Ceri Vari,,
NDA1.12,Varatcit Timiram,358308722,Corneal eye disease with blindness and increased lacrimation disorder (TM2)
NDA1.13,Vayu Timiram,,
NDA1.14,Pukaippu,,
NDA1.15,Catai Kuntam,,
NDB,Azal,,
NDB1.1,Kumarikkacam,,
NDB1.2,Rana Kacam,,
NDB1.3,Utaintezu Kacam,,
NDB1.4,Malai Kacam,,
NDB1.5,Uru Kacam,,
NDB1.7,Antira Kacam,,
NDB1.9,Vari Ezuccippatalam,,
NDB1.10,Karunakap Patalam,,
NDB1.11,Pacuvizip Patalam,,
NDC1.10,Pancu Nir Patalam,,
NDB1.12,Cenkumutam,,
NDB1.13,Uttana Nerical,,
NDB1.14,Anar Cukkiran,,
NDB1.15,Cori Vari,,
NDB1.16,Mekat Timiram,,
NDB1.17,Untal Pu,,
NDB1.18,Utira Kuntam,,
NDC,Aiyam,,
NDC1.1,Aiya Kacam,,
NDC1.3,Mantara Kacam,,
NDC1.5,Kuvalai Kacam,,
NDC1.6,Nirp Patalam,358308722,Corneal eye disease with blindness and increased lacrimation disorder (TM2)
NDC1.7,Atimankisap Patalam,,
NDC1.8,Vellai Patalam,,
NDC1.9,Naka Atalam,,
NDC1.11,Venkumutam,,
NDC1.12,Nir Nerical,,
NDC1.13,Vizi Vizunki Cukkiran,,
NDC1.14,Ven Cukkiran,,
NDC1.15,Nir Vari,,
NDC1.16,Vellezuttu,22794400,Presbyopia
NDC1.17,Mantara Timiram,,
NDC1.18,Nirt Timiram,358308722,Corneal eye disease with blindness and increased lacrimation disorder (TM2)
NDC1.19,Nir Kuntam,,
NDD,Mukkurram,,
NDD1.1,Curonita Nerical,358308722,Corneal eye disease with blindness and increased lacrimation disorder (TM2)
NDD1.2,Anip Pu,1121025478,Corneal eye disease with fleshy growth disorder (TM2)
NE,Velvizi Noykal,,
NEA,Vali,,
NEA1.1,Vari Ezucci,,
NEA1.3,Kuvai Ezucci,,
NEA1.2,Virana Ezucci,,
NEA1.4,Vari Patartti,,
NEA1.5,Virana Nerical,,
NEA1.6,Nilavari,,
NEB,Azal,,
NEB1.1,Corip Patartti,,
NEB1.2,Untu Nerical,,
NEC1.4,Tuli Nerical,,
NEB1.3,Irattak Kumilam,,
NEC,Aiyam,,
NEC1.1,Nir Ezucci,,
NEC1.2,Muttezucci,,
NEC1.3,Cataip Patartti,,
NEC1.5,Nir Kumilam,,
NEC1.6,Mankica Kumilam,,
NEC1.7,Velvari,,
O,Uttaccattu Kuraipatu Noykal,1939216245,Generalised excess and redundant skin due to disease or malnutrition
P,Purru Noykal,50574435,"Neoplasm, malignant"
PA,Nakirkatti,1623614569,Neoplasms of unknown behaviour of breast
PAA,Vali,,
PAA1.1,Vali Nakirkatti,,
PAB,Azal,,
PAB1.1,Azal Nakirkatti,,
PAC,Aiyam,,
PAC1.1,Aiyam Nakirkatti,,
PAD,Mukkurram,,
PAD1,Mukkurram Nakirkatti,,
PAD1.1,adipaduthala Untakum Nakirkatti,,
PB,Velvizi Noykal,,
PBD,Mukkurram,,
PBD1.1,Nirppurru,,
PBD1.2,Cataippurru,,
PBD1.3,Manalppurru,,
PC,Vippuruti,50574435,"Neoplasm, malignant"
PCD,Mukkurram,,
PCD1.1,Karppa Vippuruti,,
PCD1.2,Kuvalai Vippuruti,928893749,Abscess of pleural cavity
PCD1.3,Pitta Vippuruti,,
PCD1.4,Cantu Vippuruti,,
PCD1.5,Otu Vippuruti,,
PCD1.6,Cilettuma Vippuruti,,
PCD1.7,Vata Vippuruti,,
PD,Karuppaippurrukal,1551596364,"Malignant neoplasms of uterus, part not specified"
Q,Irattacaya Noykal,1766440644,Diseases of the blood or blood-forming organs
QA,Veluppu Noy,224336967,Anaemias or other erythrocyte disorders
QAA,Vali,,
QAA1.1,Vali Veluppu Noy,,
QAB,Azal,,
QAB1.1,Azal Veluppu Noy,,
QAB1.2,Mannun Veluppu Noy,614350249,Anaemia disorder due to pica (TM2)
QAC,Aiyam,,
QAC1.1,Nancu Veluppu Noy,,
QAC1.2,Aiya Veluppu Noy,,
QAD1.1,Tonta Veluppu Noy,,
R,Aruvai Noykal,506055626,Other functional disturbances following cardiac surgery
RA,Atitallal,231914102,Rectal prolapse
RAA,Vali,,
RAA1.1,Atitallal,,
RB,Akkul Nila Pucani Katti,1997596692,Axillary lymph node enlargement
RBB,Azal,,
RBB1.1,Akkul Nila Pucani Katti,,
RC,Kapala Pilavai,,
RCB,Azal,,
RCB1.1,Meka Kapala Pilavai,,
RCB1.2,Curik Kapala Pilavai,,
RCB1.3,Kuruti Kannan Kapala Pilavai,,
RCB1.4,Pokkik Kapala Pilavai,,
RCB1.5,Karun Kapala Pilavai,,
RCC,Aiyam,,
RCC1.1,Viranakkapalappilavai,,
RCC1.2,Pakka Kapala Pilavai,,
RCC1.3,Kunri Kapala Pilavai,,
RCC1.4,Azukanni Kapala Pilavai,,
RCC1.5,Ponni Kapala Pilavai,,
RD,Kapala Terai,182731908,Eczema disorder occurred in scalp due to increased Vaḷi (TM2)
RE,Kantamalai,1221395809,Cervical lymph node enlargement
RED,Mukkurram,,
RED1,Kantamalai,,
RFA,Vali,,
RFA1.1,Matakkuk Katti,,
RFA1.2,Valaikkan Katti,,
RFA1.3,Atomukak Katti,,
RFA1.4,Katalaik Katti,,
RFA1.5,Katukuk Katti,,
RFB,Azal,,
RFB1.1,Peyccuraik Katti,,
RFB1.2,Vittiratik Katti,,
RFB1.3,Meka Vittiratik Katti,,
RFC1.1,Amai Otu Katti,,
RFC1.2,Nilappucani Katti,,
RG,Kiranti,455894495,Syphilis
RGA,Vali,,
RGA1.1,Vali Kiranti,,
RGA1.2,Catai Kiranti,,
RGA1.3,Enpu Kiranti,,
RGA1.4,Narampu Kiranti,,
RGB,Azal,,
RGB1.1,Azal Kiranti,,
RGC,Aiyam,,
RGC1.1,laiya Kiranti,,
RGC1.2,Kozuppu Kiranti,,
RGC1.3,Pun Kiranti,,
RGD,Mukkurram,,
RGD1.1,Kurutik Kiranti,,
RH,Mantai Kanappu,316699522,Heaviness of head disorder (TM2)
RHA,Vali,,
RHA1.1,Vali Mantaik Kanappu,,
RHA1.2,Kuruti Mantaik Kanappu,,
RHC,Aiyam,,
RHC1.1,Nir Mantai Kanappu,,
RI,Mantaikkuttiyal,1405405864,"Headache, not elsewhere classified"
RIA,Vali,,
RIA1.1,Mantaikkuttiyal,,
RJ,Mantaic Canni,1637220901,Delirium caused by diseases of head disorder (TM2)
RJD1,Mantaic Canni,1637220901,Delirium caused by diseases of head disorder (TM2)
RJD,Mukkurram,,
RK,Mantai Culai,1209404767,Scalp pain disorder (TM2)
RKA,Vali,,
RKA1.1,Vali Mantaic Culai,,
RKA1.2,Kuruti Mantaic Culai,,
RKA1.3,Nir Mantaic Culai,,
RL,Mantait Timir,1977273780,Numbness over scalp disorder (TM2)
RLA,Vali,,
RLA1.1,Mantait Timir,,
RM,Mantai Vali,1405405864,"Headache, not elsewhere classified"
RMA1.1,Mantai Vali,1405405864,"Headache, not elsewhere classified"
RMA,Vali,,
RN,Mantai Varatci,327344374,Dryness over the scalp disorder (TM2)
RNA1.1,Mantai Varatci,327344374,Dryness over the scalp disorder (TM2)
RNA,Vali,,
RO,Mulai Noy,151219786,"Disease of brain, not elsewhere classified"
ROA,Vali,,
ROA1.1,Vali Mulai Noy,,
ROA1.2,Vali Aiyam Mulai Noy,,
ROA1.3,Varatci Mulai Noy,,
ROA1.4,Vali Azal Mulai Noy,,
ROB,Azal,,
ROB1.1,Azal Aiyam Mulai Noy,,
ROB1.2,Azal Mulai Noy,,
ROB1.3,Kuruti Mulai Noy,,
ROC,Aiyam,,
ROC1.1,Aiyam Mulai Noy,,
ROC1.2,Aiyavali Mulai Noy,,
ROC1.4,Azal Vali Mulai Noy,,
ROC1.3,Nir Mulai Noy,,
ROC1.5,Aiya Azal Mulai Noy,,
RP,Pavuttiram,130989435,Fistula of joint
RPA,Vali,,
RPA1.1,Kotip Pavuttiram,,
RPA1.2,Mekap Pavuttiram,,
RPA1.3,Mulap Pavuttiram,651510970,Ano vesical fistula disorder (TM2)
RPA1.4,Eruvay Kantamalai Pavuttiram,271637227,Anorectal fistula disorder due to increasing Vaḷi (TM2)
RPB,Azal,,
RPB1.1,Eruvay Pavuttiram,2143379524,Fistula in ani disorder due to increasing Aẕal (TM2)
RPB1.2,Pakka Pauttiram,,
RPC,Aiyam,,
RPC1.1,Kiranti Pauttiram,,
RPC1.2,Carakanta Malai Pauttiram,,
RQ,Ucci Vali,,
RQA,Vali,,
RQA1.1,Mantai Ucci Vali,,
RQA1.2,Mantai Ucci Vali Azal,,
RQA1.3,Mantai UcciParica Vali,,
RQA1.4,Mantai Ucci Vali Aiyam,,
RQB,Azal,,
RQB1.1,Mantai Ucci Azal,,
RQB1.2,Mantai Ucci Azal Aiyam,,
RQB1.3,Mantai Ucci Azal Vali,,
RQC,Aiyam,,
RQC1.1,Mantai Ucci Aiya Azal,,
RQC1.2,Mantai Ucci Aiyam,,
RQC1.3,Mantai Ucci Aiya Vali,,
RR,Yanaikkal,,
RRA,Vali,,
RRA1.1,Vali Yanaikkal,,
RRB,Azal,,
RRB1.1,Azal Yanaikkal,,
RRC,Aiyam,,
RRC1.1,Aiya Yanaikka,,
S,Varmam Marrum Kayankal,1742405136,Injury pattern in the varmam or marmam (TM2)
SA,Varma Ati,1742405136,Injury pattern in the varmam or marmam (TM2)
SAA1.1,Tilarta Varmam,,
SAA1.2,Cirunkolli Varmam,,
SAA1.3,Ottu Varmam,,
SAA1.4,Ucci Varmam,,
SAA1.5,Poykai Varmam,,
SAA1.6,Cevikkutti Varmam,,
SAA1.7,Kuruntu Kutti Varmam,,
SAA1.8,Alavati Varmam,,
SAA1.9,Natcattira Varmam,,
SAA1.10,Pin Vetti Varmam,,
SAA1.11,Komperi Varmam,,
SAA1.12,Cuzumunai Varmam,,
SAA1.13,Puccanti Varmam,,
SAA1.14,Kanmani Varmam,,
SAA1.15,Pala Varmam,,
SAA1.16,Kannati Varmam,,
SAA1.17,Pitari Varmam,,
SAA1.18,Valaimutinta Varmam,,
SAA1.19,Netti Varmam,,
SAA1.20,Kakkattai Varmam,,
SAB1.1,Mun Nakkuttalli Varmam,,
SAB1.2,Pin Kazuttu Natukku Varmam,,
SAB1.3,Pakka Kazuttu Natukku Varmam,,
SAB1.4,Karaikkuzi Varmam,,
SAB1.5,Tummi Varmam,,
SAB1.6,Urakka Varmam,,
SAB1.7,Muzi Turi Varmam,,
SAC1.1,Unti Varmam,,
SAC1.2,Ner Varmam,,
SAC1.3,Atappu Varmam,,
SAC1.4,Cariti Varmam,,
SAC1.5,Puja Varmam,,
SAC1.6,Nencu Natukku Varmam,,
SAC1.7,Ellu Komperi Varmam,,
SAC1.8,Urumi Varmam,,
SAC1.9,Mun Marpu Varmam,,
SAC1.10,Kutti Varmam,,
SAC1.11,Tivalai Varmam,,
SAC1.12,Velliral Varmam,,
SAC1.13,Kariral Varmam,,
SAC1.14,Cittira Varmam,,
SAC1.15,Ellurukki Varmam,,
SAC1.16,Atti Kantari Varmam,,
SAD1.1,Catayanta Varmam,,
SAD1.2,Ciriya Atti Curukki Varmam,,
SAD1.3,Periya Atti Curukki Varmam,,
SAD1.4,Muntellu Varmam,,
SAD1.5,Ceppu Varmam,,
SAE1.1,Ilan Kuruttu Untimaru Varmam,,
SAE1.2,Komperi Maruvarmam Ellu Maru Varmam,,
SAE1.3,Nencu Natukku Maru Varmam,,
SAE1.4,Urumi Maru Varmam,,
SAE1.5,Kulipputtut Tallelumpu Varmam,,
SAE1.6,Cippi Tunku Catai Varmam,,
SAE1.7,Cippi Varmam,,
SAE1.8,Navari Ellu Varmam,,
SAE1.9,Akattuvara Varmam,,
SAE1.10,Kaik Kuzi Varmam,,
SAE1.11,Cippi Acaivu Varmam,,
SAE1.12,Kaip Puja Poruttu Varmam,,
SAF1.1,Kallatai Varmam,,
SAF1.2,Mum Murtti Varmam,,
SAF1.3,Muttira Varmam,,
SAF1.4,Patippu Varmam,,
SAF1.5,Aka Urulai Vicai Narampu Varmam,,
SAF1.6,Vittu Varmam,,
SAF1.7,Ilinka Natukku Varmam,,
SAF1.8,Tumpu Varmam,,
SAG1.1,Totai Maiya Varmam,,
SAG1.2,Mel Totai Maiya Varmam,,
SAG1.3,Kiz Totai Maiya Varmam,,
SAH1.1,Muttukkannu Varmam,,
SAH1.2,Muttu Cirattai Varmam,,
SAH1.3,Muzankal Muttu Pataippu Varmam,,
SAH1.4,Muzankal Muttu Mozi Poruttu Varmam,,
SAI1.1,Kutiraimuka Varmam,,
SAI1.2,Kutirai Nuni Nakku Varmam,,
SAI1.3,Vayiruti Varmam,,
SAI1.4,Tumpikkala Varmam,,
SAI1.5,Kutirai Ati Nakku Varmam,,
SAI1.6,Kanapati Muka Varmam,,
SAJ1.1,Karantai Kannu Varmam,,
SAJ1.2,Pata Cakkara Varmam,,
SAJ1.3,Karantai Mozi Poruttu Varmam,,
SAJ1.4,Kutikal Varmam,,
SAJ1.5,Narampu Natukku Muticcu Varmam,,
SAJ1.6,Kalnerukku Varmam,,
SAJ1.7,Peru Viral Mancal Varmam,,
SAK1.1,Puya Natukku Varmam,,
SAK1.2,Puya Mel Natukku Varmam,,
SAK1.3,Puya Kiz Natukku Varmam,,
SAL1.1,Muzankai Natukku Varmam,,
SAL1.2,Muzankai Mel Natukku Varmam,,
SAL1.3,Muzankai Kiz Natukku Varmam,,
SAL1.4,Nati Cuttira Varmam,,
SAM1.1,Muzankai Muttu Pataippu Varmam,,
SAM1.2,Muzankai Muttu Puratarai Vicai Narampu Varmam,,
SAM1.3,Muzankai Muttu Mozipporuttu Varmam,,
SAM1.4,Muzankai Muttu Kai Mantai Varmam,,
SAN1.1,Kai Peruviral Mozi Poruttu Varmam,,
SAN1.2,Kai Peruviral Patakkalai Varmam,,
SAN1.3,Kai Peruviral Aka Puratarai Varmam,,
SAN1.4,Corna Verrilai Varmam,,
SAN1.5,Kai Nerukku Varmam,,
SAN1.6,Kai Kavali Varmam,,
SAO1.1,Kozikkazuttu Varmam,,
SAO1.2,Kozikkazuttu Kannu Varmam,,
SAO1.3,Kozikkazuttu Aka Puratarai Varmam,,
SB,Otivu Murivu,1504538171,Fracture of unspecified body region
SBA,Kai Kayankal,542074492,"Injury of hand, unspecified"
SBA1,Tol Pakuti Kayankal,1456931412,"Shoulder injury, unspecified"
SBA1.1,Karai Elumpu Murivu,663825629,Fracture of clavicle
SBA1.2,Cippi Mozi Karai Poruttu Kayankal,,
SBA1.3,Nencu - Karai Poruttu Kayankal,,
SBA1.4,Cippi Elumpu Murivu,,
SBA1.5,Tolporuttu Vilakal,711423750,Dislocation of scapula
SBA1.5.1,Tolporuttu Mun Vilakal,,
SBA1.5.2,Atikkati Nikazum Munpakka Tolporuttu Mun Vilakal,,
SBA1.5.3,Tolporuttu Pin Vilakal,,
SBA1.5.4,Tolporuttu Kiz Vilakal,,
SBA1.6,Puya Elumpin Melmunai Murivukal,913813942,Fracture of upper end of humerus
SBA2,Puya Kayankal,92381677,"Unspecified injury of arm, level unspecified"
SBA2.1,Puya Elumpin Tantup Pakuti Murivukal,1396472868,Fracture of shaft of humerus
SBA3,Muzankai Muttup Pakuti Kayankal,,
SBA3.1,Puya Elumpin Kiz Munai Murivukal,550694840,Fracture of lower end of humerus
SBA3.2,Muzankaimuttu Vilakal,,
SBA3.2.1,Eliya Muzankai Muttu Vilakal,,
SBA3.3,Izuppatta Muzankaimuttu,,
SBA3.4,Irattini Elumpin Mel - Munai Murivukal,,
SBA3.5,Arai Elumpin Mel Munai Murivukal,1388364408,Fracture of upper end of radius
SBA4,Muzankai Kayankal,1379406256,"Injury of forearm, unspecified"
SBA4.1,Arai Marrum Irattini - Iru Elumputtantu Murivukal,,
SBA4.2,Arai Elumputtantu Murivu,,
SBA4.3,Irattini Elumputtantu Murivu,644715143,Fracture of shaft of ulna
SBA4.4,Kozikkazuttu Murivu,816406686,"Fracture of lower end of radius, dorsal tilt"
SBA5,Manikkattu Kayankal,1275560008,"Injury of wrist, unspecified"
SBA5.1,Pataku Elumpu Murivu,128281279,Fracture of scaphoid bone of hand
SBA5.2,Pirai Elumpu Murivu,836279188,Fracture of lunate
SBA5.3,Mukkona Elumpu Murivu,1983484730,Fracture of triquetral bone
SBA5.4,Pattani Elumpu Murivu,1980191591,Fracture of pisiform bone
SBA5.5,Kokki Elumpu Murivu,966154137,Fracture of body of hamate bone
SBA5.6,Urul Talai Elumpu Murivu,105626346,Fracture of capitate bone
SBA5.7,Narcatura Elumpu Murivu,1747077776,Fracture of trapezoid bone
SBA5.8,Irucarivu Narcirai Elumpu Murivu,1100247577,Fracture of trapezium bone
SBA6,Ankai Kayankal,542074492,"Injury of hand, unspecified"
SBA6.1,Karapa Elumpukalin Murivukal,1929919042,Fracture of other metacarpal bone
SBA6.2,Viral Elumpukalin Murivukal,1951136043,Multiple fractures of fingers
SBB,Kal Kayankal,1222058116,"Unspecified injury of lower limb, level unspecified"
SBB1,Ituppup Pakuti Kayankal,,
SBB1.1,Ituppup Poruttu Vilakal,189235471,Dislocation of hip
SBB1.2,Totai Elumpin Talaippakuti Murivu,1382371972,Fracture of head of femur
SBB1.3,Totai Elumpin Kazuttuppakuti Murivu,398412176,Fracture of neck of femur
SBB1.4,Totai Elumpin Mel Munai Murivukal,1353404524,Physeal fracture of proximal femur
SBB2,Totai Kayankal,1058024243,"Injury of thigh, unspecified"
SBB2.1,Totai Elumpu Tantu Murivu,1662130545,Fracture of shaft of femur
SBB3,Muzankal Muttuppakuti Kayankal,74800073,"Injury of knee, unspecified"
SBB3.1,Totai Elumpu Muntu Murivukal,2077390749,Fracture of femoral condyle
SBB3.2,Cirattai Elumpu Murivukal,416761455,Fracture of patella
SBB3.3,Cirattai Vilakal,70225648,Dislocation of patella
SBB3.4,Muzankal Muttu Vilakal,1633960826,Dislocation of knee
SBB3.5,Nalaka Elumpin Melmunai Murivukal,2107411451,Fracture of upper end of tibia
SBB4,Muzankal Kayankal,1222058116,"Unspecified injury of lower limb, level unspecified"
SBB4.1,Nala Marrum Cara Elumputtantu Murivukal,,
SBB5,Kanukkal Kayankal,1307160167,"Injury of ankle, unspecified"
SBB5.1,Nala Elumpu Kizmunai Murivukal,1819940496,Fracture of lower end of tibia
SBB5.2,Kanukkal Murivukal,1788045058,"Fracture of ankle, not elsewhere classified"
SBB6,Pata Kayankal,1292654327,"Injury of foot, unspecified"
SBB6.1,Kanavi Elumpu Murivu,1949163310,Fracture of cuboid bone
SBB6.2,Navvi Elumpu Murivu,128281279,Fracture of scaphoid bone of hand
SBB6.3,Kilavi Elumpu Murivu,324749809,Fracture of triquetrum bone of wrist
SBB6.4,Patankal Elumpu Murivu,2086679969,Fracture of metatarsal bone
SBB6.5,Viral Elumpu Murivu,1951136043,Multiple fractures of fingers
SBC,Accu Elumpu Kayankal,,
SBC1,Nattellu Kayankal,216639497,"Injury of unspecified nerve, spinal nerve root or plexus of trunk"
SBC1.1,Kazuttu Nattellu Kayankal,185195405,Cervical spinal trauma
SBC2,Marpu Marrum Ituppu Nattellu Kayankal,,
SBC2.1,Mutuku Nattellu Murivu,1204676219,Fracture of thoracic vertebra
SBC2.2,Kukai Elumpu Murivu,,
SBC2.3,Tilai Elumpu Murivu,,
SBC2.4,Ezuntayiru Mullelumpu Kayam,,
SBC2.5,Tarai Elumpu Murivu,1473758540,Fracture of lumbar vertebra
SBC2.6,Puttelumpu Murivu,1204676219,Fracture of thoracic vertebra
SBC3,Kupaka Kayankal,1806408182,Pelvic injury
SBC3.1,Ituppukkuzi Murivukal,1351878177,Fracture of acetabulum without disruption of pelvic ring
SBC3.2,Munara Murivukal,849086686,Fracture of sacrum without disruption of pelvic ring
SBC3.3,Kuzipputtu Tallelumpu Murivukal,1177638945,Fracture of coccyx
SBC3.4,Vari Elumpu Kayankal,1082174956,"Osteonecrosis due to trauma, ribs"
SBC3.5,Punelumpin Melelumpu Murivu,,
SBC4,Nencelumpu Kayankal,,
SBC4.1,Tuti Elumpu Murivu,,
SBD,Talaik Kayankal,452386362,Injuries to the head
SBD1.1,Kapala Murivukal,399491868,Fracture of skull or facial bones
SBD1.2,Mukku Elumpu Murivu,1981758834,Fracture of nasal bones
T,Kuzantai Noykal,1557930774,Autoimmune movement disorder
TA,Pala Karappan,1777874942,Eczema of children disorder (TM2)
TAA1.1,Pala Karappan - Vata Karappan,,
TAA1.2,Pala Karappan - Ari Karappan,,
TAA1.3,Pala Karappan - Utu Karappan,,
TAA1.4,Pala Karappan - Culai Karappan,,
TAA1.5,Pala Karappan - Veti Karappan,,
TAA1.6,Pala Karappan - Mantai Karappan,310887391,Allergic contact dermatitis of scalp
TAA1.7,Pala Karappan - Cattai Karappan,,
TAA1.8,Pala Karappan - Otu Karappan,,
TAA1.9,Pala Karappan - Karun Karappan,,
TAA1.10,Pala Karappan - Valai Karappan,,
TAA1.11,Pala Karappan - Varal Karappan,,
TAB,Azal,,
TAB1.1,Pala Karappan - Pitta Karappan,,
TAB1.2,Pala Karappan - Pori Karappan,,
TAB1.3,Pala Karappan - Cenkarappan,,
TAB1.4,Pala Karappan - Kolli Karappan,,
TAC,Aiyam,,
TAC1.1,Pala Karappan - Aiya Karappan,550689076,Eczema disorder caused by increase Aiyam (TM2)
TAC1.2,Pala Karappan - Vinku Karappan,,
TAD,Mukkurram,,
TAD1.1,Pala Karappan - Tota Karappan,1141799940,Infectious dermatitis
TB,Kakkuvan,2064398473,Whooping cough
TBA1.1,Kakkuvan,2064398473,Whooping cough
TBA,Vali,,
TC,Kamalai,940431037,Jaundice disorder of children (TM2)
TCA,Vali,,
TCA1.1,Varal Kamalai,,
TCB,Azal,,
TCB1.1,Mancal Kamalai,1056591229,Unspecified jaundice
TCC,Aiyam,,
TCC1.1,Utu Kamalai,,
TD,Kanam,166874405,Respiratory syndrome of children disorder (TM2)
TDA,Vali,,
TDA1.1,Vatak Kanam,,
TDA1.2,Mantak Kanam,,
TDA1.3,Piralik Kanam,,
TDA1.4,Varatkkanam,,
TDA1.5,Mulakkanam,,
TDB,Azal,,
TDB1.1,Pittakkanam,,
TDB1.2,Nirkkanam,,
TDB1.3,Kottippukkanam,197934298,Diseases of the respiratory system
TDB1.4,Antakkkanam,,
TDB1.5,Mantarakkanam,,
TDB1.6,Erikkanam,,
TDB1.7,Niramakkanam,,
TDB1.8,Mukkukkanam,,
TDB1.9,Irattakkanam,,
TDC,Aiyam,1381279193,Aggravated aiyam lodging in chest and face leading respiratory ailments disorder (TM2)
TDC1.1,Aiyak Kanam,,
TDC1.2,Culikkanam,,
TDC1.3,Cuzikkanam,,
TDC1.4,Maka Kanam,,
TDC1.5,Utu Kanam,,
TDC1.6,Vinku Kanam,,
TDC1.7,Ama Kanam,,
TDC1.8,Perama Kanam,,
TDC1.9,Cinkikkanam,,
TE,Kaziccal,,
TEA,Vali,,
TEA1.1,Mantak Kaziccal,,
TEA1.2,Kana Kaziccal,598727323,Dysentery disorder due to respiratory disorders (TM2)
TEC,Aiyam,,
TEC1.1,Amakaziccal,,
TF,Mantam,994179294,"Functional digestive disorders of infants, toddlers or children"
TFA,Vali,,
TFA1.1,Vali Mantam,,
TFA1.2,Pitta Mantam,,
TFA1.3,Por Mantam,,
TFA1.4,Cura Mantam,1244021285,Digestive disorder due to fever in children (TM2)
TFA1.5,Nir Mantam,,
TFA1.6,Ceriyamai Mantam,,
TFA1.7,Kattu Mantam,,
TFA1.8,Eri Mantam,,
TFA1.9,Talai Mantam,,
TFA1.10,Valippu Mantam,,
TFA1.11,Cuzi Mantam,,
TFA1.12,Mukku Mantam,,
TFA1.13,Tulai Mantam,,
TFB,Azal,,
TFB1.1,Valai Mantam,,
TFB1.2,Pal Mantam,1026224967,Lactose intolerance
TFB1.3,Kana Mantam,,
TFB1.4,Vikkam Mantam,,
TFC,Aiyam,,
TFC1.1,Aiya Mantam,,
TFC1.2,Vita Mantam,,
TFC1.3,Utal Mantam,,
TFC1.4,Canni Mantam,,
TG,Nanarram,,
TGA1.1,Nanarram,,
TGA,Vali,,
TH,Namul,535250676,Papules in the tongue disorder (TM2)
THA1.1,Namul,535250676,Papules in the tongue disorder (TM2)
THA,Vali,,
TI,Navil Tonrum Noykal,928435705,Diseases of tongue
TIA,Vali,,
TIA1.1,Cuzi Akkaram,,
TIA1.2,Nili Akkaram,,
TIA1.3,Coti Akkaram,,
TIA1.5,Kumari Akkaram,,
TIA1.4,Kunti Akkaram,,
TIB,Azal,,
TIB1.1,Vimi Akkaram,,
TIB1.2,Kapali Akkaram,,
TIB1.3,Ul Akkaram,,
TJ,Purakarana Noykal,,
TJA,Vali,,
TJA1.1,Vikkal,798509501,Hiccough
TJA1.2,Porumal,1540491307,Flatulence
TJA1.3,Vayiru Vinkal,898362405,Abdominal distension
TJA1.4,Pal Etiretuttal,1196448725,Neonatal aspiration of milk or regurgitated food
TJA1.5,Kottavi,1198766532,Yawning
TJA1.6,Ciriyazutal,402509933,Inconsolable crying disorder (TM2)
TJA1.7,Pal Kutiyamai,,
TJA1.8,Vayirru Noy,1810710745,Pain localised to upper abdomen
TJA1.9,Malakkattu,1454083330,"Functional constipation of infants, toddlers or children"
TJA1.10,Nirkkattu,312764628,Anuria due to Vaḷi (pead) disorder (TM2)
TK,Puzu Noykal,863306856,Other or unspecified infestation by parasitic worms
TKA,Vali,,
TKA1.1,Macarai Puzu,321014067,"Cestode infection, unspecified"
TKA1.2,Kiri Puzu,,
TL,Cokai,826220775,Oedema
TLA,Vali,,
TLA1.1,Vata Cokai,,
TLB,Azal,,
TLB1.1,Pitta Cokai,1716436942,Dropsy due to Aẕal disorder (TM2)
TM,Totam,,
TMA,Vali,,
TMA1.1,Pen Patci Totam,,
TMA1.2,Malattu Patci Totam,,
TMA1.3,Tunkupul Totam,,
TMA1.6,Varatpultotam,,
TMA1.4,Karutakkanpul Totam,,
TMA1.5,Cenkkan Pul Totam,,
TMA1.7,Peykkanpul Totam,,
TMA1.8,Nirppul Totam,,
TMA1.9,Eccir Totam,,
TMA1.10,Muttu Pen Totam,,
TMA1.11,Kulicap Pen Totam,,
TMA1.12,Kulittaval Etutta Pen Totam,,
TMA1.13,Karppam Azinta Pen Totam,,
TMB,Azal,,
TMB1.1,An Patci Totam,,
TMB1.2,Paravai Totam,,
TMB1.3,Vilakku Oli Pul Totam,,
TMB1.4,Venkan Pul Totam,,
TMC,Aiyam,,
TMC1.1,Vinkupul Totam,,
TMC1.2,Anti Pul Totam,,
TMC1.3,Kulitta Pen Kanta Totam,,
TMD,Mukkurram,,
TMD1.1,Ecci Totam,,
TMD1.2,Pen Totam,,
TMD1.3,An Totam,,
TMD1.4,Terai Totam,,
TN,Valippu,539646260,Types of seizures
TNA1.2,Kakkai Valippu,539646260,Types of seizures
TNA,Vali,,
TNA1.1,Manta Valippu,,
TNA1.3,Allu Valippu,,
TNA1.4,Pura Icivu,,
TOD1.1,Manta Canni,,
TOD1.2,Mantakana Canni,,
TOD1.3,Ama Canni,,
TOD1.4,Korama Canni,,
TOD1.5,Tantirika Canni,,
TOD1.7,Vitu Canni,,
TOD1.8,Kulir Canni,,
TOD1.9,Tota Canni,407097039,Acute seizures due to central nervous system infections or infestations
U,Pal Noykal,852313030,Dental cavities disorder (TM2)
UA,Pal Noykal,1966342512,"Dental disease, not elsewhere classified"
UAA,Vali,,
UAA1.1,Pal Kuccam,,
UAA1.2,Pal Kuttal,452224902,"Dental pain, not elsewhere classified"
UAA1.3,Pallattam,,
UAA1.4,Pal Caytal,,
UAA1.5,Kuttippal,1628931334,Impacted teeth
UAA1.6,Pal Ciray,,
UAA1.7,Pal Utiral,,
UAA1.8,Pal Karuttal,,
UAA1.9,Pal Pilattal,,
UAA1.10,Pal Puzu,,
UAA1.11,Pal Un Melivu,,
UB,PallatI Noykal,1903499403,Certain specified disorders of gingiva or edentulous alveolar ridge
UBA,Vali,,
UBA1.1,Pallati Tulai,,
UBA1.2,Pallati Unkuraital,1059404242,Gingival recession
UBA1.3,Pallati Karuttal,,
UBA1.4,Pallati Karaivu,,
UBA1.5,Pallati Vikkam,1542018172,Chronic gingivitis
UBA1.6,Pallati Kotippu,,
UBA1.7,Pallati Mancalatal,,
UBA1.8,Pallati Katti,946135091,Abscess of periodontium
UBA1.9,Pallati Unvalarcci,,
UBA1.10,Pallati Veluttal,,
UBA1.11,Pallati Palaniramataital,,
V,Palvinai Noykal,1201713369,Contact with or exposure to infections with a predominantly sexual mode of transmission
VA,Korukku Noy,157813290,Syphilitic ulcer disorder (TM2)
W,Cura Noykal,915343154,Fever of other or unknown origin
WA,Thanvazhi Suram,,
WAA,Vali,,
WAA1.1,Vata Curam,,
WAA1.2,Vatapitta Curam,,
WAA1.3,Vatakapa Curam,,
WAA1.4,Veli Curam,141686025,Aggravated Aiyam along with Vaḷi and aiyam causing fever with chills disorder (TM2)
WAA1.5,Vittuvarum Curam,633896543,Malaria without parasitological confirmation
WAA1.6,Pakal Curam,,
WAA1.7,Atikalai Curam,,
WAB1.14,Kalaic Curam,,
WAA1.8,Eppa Curam,,
WAA1.9,Kottavi Curam,,
WAA1.10,Tukka Curam,,
WAB,Azal,,
WAB1.1,Pitta Curam,,
WAB1.2,Pittavata Curam,,
WAB1.3,Pittakapa Curam,,
WAB1.4,Nalir Curam,1614642919,Fever with chills
WAB1.5,Meni Curam,,
WAB1.15,Tivaratci Curam,,
WAB1.6,Ul Curam,913453088,Internal fever disorder (TM2)
WAB1.7,Vita Curam,,
WAB1.8,Cenkaraic Curam,,
WAB1.9,Murai Curam,1373335705,Familial Mediterranean fever
WAB1.10,Mayakka Curam,,
WAB1.11,Pitarral Curam,,
WBD1.3,Puta Curam,,
WAB1.12,Puzuc Curam,,
WAB1.13,Mancat Curam,,
WAB1.16,Anal Curam,,
WAB1.17,Vanti Curam,,
WAB1.18,Viyarvai Curam,,
WAB1.19,Tunkac Curam,,
WAB1.20,Natukkal Curam,,
WAB1.21,Eval Curam,,
WAB1.22,Cerkkai Curam,,
WAB1.23,Maruntu Veka curam,1596497122,Drug-induced fever
WAB1.24,Cina Curam,,
WAB1.25,Kama Curam,,
WAB1.26,Teyva Cina Curam,,
WAC,Aiyam,,
WAC1.1,Kapa Curam,,
WAC1.2,Kapavata Curam,,
WAC1.3,Kapapitta Curam,,
WAC1.4,Kalappu Curam,472885152,Quotidian fever disorder due to putrefaction of Balgham mixed with Ṣafrā’ (TM2)
WAC1.5,Manta Curam,1244021285,Digestive disorder due to fever in children (TM2)
WAC1.6,Ven Curam,,
WAC1.7,Carar Curam,,
WAC1.8,Un Curam,,
WAC1.9,Kozuppu Curam,,
WAC1.10,Enpu Curam,,
WAC1.11,Mulai Curam,,
WAC1.12,Malai Curam,,
WAC1.13,Irac Curam,,
WAC1.14,Irumal Curam,1470330585,Fever disorder caused due to cough (TM2)
WAC1.15,Pazan Curam,,
WAC1.16,Katti Curam,,
WAC1.17,Ciz Curam,,
WAC1.18,Pal Koppulac Curam,,
WAC1.19,Vikka Curam,,
WAC1.20,Kaziccar Curam,,
WB,Piravazhi Suram,,
WBC,Aiyam,,
WBC1.1,Motu Curam,,
WBC1.2,Naveru Curam,,
WBC1.3,Naccu Curam,,
WBC1.4,Paya Curam,1970407217,Anxiety ephemeral fever disorder (TM2)
WBC1.5,Vintu Curam,,
WBD,Mukkurram,,
WBD1.1,Tunpa Curam,,
WBD1.2,Vitavikkal Curam,,
X,Ciruniraka Noykal,,
XA,Kallataippu,1746821938,Urolithiasis
XAA,Vali,,
XAA1.1,Vali Kallataippu,,
XAB,Azal,,
XAB1.1,Azal Kallataippu,,
XAC,Aiyam,,
XAC1.1,Aiya Kallataippu,,
XAD,Mukkurram,,
XAD1.1,Mukkurra Kallataippu,,
XB,Nirataippu,,
XBA,Vali,,
XBA1.1,Nirataippu,,
XC,Nirkkattu,248693056,Anuria
XCA,Vali,,
XCA1.1,Nirkkattu,312764628,Anuria due to Vaḷi (pead) disorder (TM2)
XD,Nirccurukku,1848472780,"Urinary tract infection, site not specified"
XDA,Vali,,
XDA1.1,Vali Nirccurukku,,
XDB,Azal,,
XDB1.1,Azal Nirccurukku,,
XDC,Aiyam,,
XDC1.1,Aiya Nirccurukku,,
XDD,Mukkurram,,
XDD1.1,Mukkurra Nirccurukku,,
XE,Cottu Nir,,
XEA,Vali,,
XEA1.1,Cottu Nir,,
Y,Nancu Noykal,,
YA,Vitapaka Rokam,,
YAA,Vali,,
YAA1.1,Vata Vitapakam,,
YAB,Azal,,
YAB1.1,Pitta Vitapakam,,
YAB1.2,Akkini Vitapakam,,
YAB1.3,Erivu Vitapakam,,
YAB1.4,Cutta Vitapakam,,
YAC,Aiyam,,
YAC1.1,Kapa Vitapakam,,
YAD,Mukkurram,,
YAD1.1,Canni Vitapakam,,
YAD1.2,Mukkurra Vitapakam,,
YB,Patana Nancu,,
YB1,Iraca Nancu,,
YB2,Pura Nancu,,
YB3,Ilinka Nancu,,
YB4,Vira Nancu,,
YB5,Kantaka Nancu,,
YB6,Talaka Nancu,,
YB7,Vellaippatana Nancu,,
YB8,Kaurippatana Nancu,,
YB9,Mirutar Cinki Nancu,,
YB10,Uppu Nancu,,
YB11,Upputtiravaka Nancu,,
YC,Uloka Nancu,1766840660,Nephropathy induced by heavy metals
YC1,Tamira Nancu,,
YC2,Turucu Nancu,,
YC3,Karuvanka Nancu,,
YC4,Appiraka Nancu,,
YC5,Cunnampu Nancu,,
YC6,Kannati Nancu,,
YD,Civa Nancu,1529921934,Animal poisons disorder (TM2)
YD1,Vitapampukkati Nancu,,
YD2,Iracanaka Nancu,,
YD3,Kattuviriyan Nancu,,
YD4,Vazalaippampu Nancu,,
YD5,Mukkan Nakanancu,,
YD6,Curuttai Nakanancu,,
YD7,Caraippampu Nancu,,
YD8,Karunakanancu,,
YD9,Paranakanancu,,
YD10,Kalnencan Nakanancu,,
YD11,Umai Nakanancu,,
YD12,Kanneriyan Nakanancu,,
YD13,Paccaippampu Nancu,,
YD14,Cuvatu Nakanancu,,
YD15,Mannulippampu Nancu,,
YD16,Putaiyan Pampu Nancu,,
YD17,Elikkati Nancu,,
YD18,Ceyyankati Nancu,,
YD19,Purankati Nancu,,
YD20,Cilantikati Nancu,,
YD21,Arukal Puccikkati Nancu,,
YD22,Pulimukappuccikkati Nancu,,
YD23,Paccontikkati Nancu,,
YD24,Onan Kati Nancu,,
YD25,Tavalaikkatinancu,,
YD26,Ikkati Nancu,,
YD27,Pallikkati Nancu,,
YD28,Kattukkocukkati Nancu,,
YD29,Kulavikkatinancu,,
YD30,Vantukkati Nancu,,
YD31,Attaikkati Nancu,,
YD32,Kampalippuccikkati Nancu,,
YD33,Telkati Nancu,,
YD34,Minkati Nancu,,
YD35,Civa Verinancu,,
YD36,Kurankukkati Nancu,,
YD37,Punaikkati Nancu,,
YD38,Punukuppunaikkati Nancu,,
YD39,Panrikkati Nancu,,
YD40,Narikkati Nancu,,
YD41,Mutalaikkati Nancu,,
YD42,Naykkati Nancu,,
YD43,Kutiraikkati Nancu,,
YE,Itumaruntu Nancu,,
YE1,Itumaruntu Nancu,,
YF,Tavara Nancu,1408767977,Substance of plant origin
YF1,Uluntu Nancu,,
YF2,Katalai Nancu,,
YF3,Tuvarai Nancu,,
YF4,Moccai Nancu,,
YF5,Ney Nancu,,
YF6,Ney Ten Nancu,,
YF7,Verkkatalai Nancu,,
YF8,Tenkay Nancu,,
YF9,Kozimuttai Nancu,,
YF10,Vazaippaza Nancu,,
YF11,Palappaza Nancu,,
YF12,Palatai Nancu,,
YF13,Ilavampicin Nancu,,
YF14,Kunrimani Nancu,,
YF15,Unankizanku Nancu,,
YF16,Navalkottai Nancu,,
YF17,Kalappaikkizanku Nancu,,
YF18,Milakay Nancu,,
YF19,Civanarkkizanku Nancu,,
YF20,Makizam Nancu,,
YF21,Coru Nancu,,
YF22,Marutonriyum Enneyum Cernta Nancu,,
YF23,Nunku Nancu,,
YF24,Pulitta Tayirccoru Nancu,,
YF25,Kotikkallippal Nancu,,
YF26,Nallenney Coru Nancu,,
YF27,Verrilaiccaru Nallenney Nancu,,
YF28,Nelver Enney Nancu,,
YF29,Nelver Carkkarai Nancu,,
YF30,Nelver Nancu,,
YF31,Kotumai Nancu,,
YF32,Enney Nancu,,
YF33,Erukku Nancu,,
YF34,Caturakkallippal Nancu,,
YF35,Tillaippal Nancu,,
YF36,Nervala Nancu,,
YF37,Cittira Mulaver Nancu,,
YF38,Cenkottai Nancu,,
YF39,Mancal Alari Nancu,,
YF40,Umattai Nancu,,
YF41,Ettikkottai Nancu,,
YF42,Apini Nancu,,
YF43,Kanca Nancu,,
YF44,Napi Nancu,,
YF45,Pukaiyilai Nancu,,
YF46,Irattapola Nancu,,
YF47,Kutinirt Tota Nancu,,
YF48,Unavuttota Nancu,,
YF49,Nirt Tota Nancu,,
Z,Vali VataNoykal,,
Z1,Vatastampam,,
Z2,Vatakarsanam,58868923,Polyneuropathy
Z3,Karastampam,,
Z4,Talastampam,254630809,Plantar fasciitis
Z5,Pucuvatam,,
Z6,Kalancakavatam,868183264,Psoriatic arthritis
Z7,Urustampavatam,,
Z8,Vatakarnakam,1417408670,Meneire disease disorder (TM2)
Z9,Kurisikirisavatam,1634924619,Strangulated inguinal hernia disorder (TM2)
Z10,Narittalai Vatam,488918209,Gonococcal arthritis
Z11,Kumpa Vatam,,
Z12,Malaittakampa Vatam,,
Z13,Panikkampa Vatam,2024168133,Parkinsonism
Z14,Kuni Vatam,,
Z15,Akunivatam,,
Z16,Anopakavatam,2046015098,Certain specified inflammatory liver diseases
Z17,Vata Upakatam,,
Z18,Nerriculai Vatam,,
Z19,Karna Culai Vatam,1462021380,Pustular otitis media disorder (TM2)
Z20,Cevipatuvatam,,
Z21,Pakka Vatam,735087277,Incomplete hemiplegia disorder (TM2)
Z22,Paksavatam,,
Z23,Pey Vatam,1600101146,Inflammation and numbness in the body below the head disorder (TM2)
Z24,Piranalaya Vatam,,
Z25,Calastampa Vatam,,
Z26,Cantu Vatam,396939646,Inflammatory arthropathies
Z61,Vatacuronitam,396939646,Inflammatory arthropathies
Z27,Cakana Vatam,,
Z28,Arputa Vatam,,
Z29,Uraka Vatam,2004402146,Bell palsy
Z30,Urakari Vatam,1323593849,Abscess of liver
Z31,Asvatampa Vatam,405704375,Vertebral column
Z32,Pacattampa Vatam,,
Z33,Nettira Pavuttiravatam,,
Z34,Tantaka Vatam,,
Z35,Asta Tantira Vatam,1793762788,Tetanus
Z36,Vacana Vatam,2124747820,Grandmal epilepsy disorder (TM2)
Z37,Maka Vatam,1493613976,Pernicious anaemia
Z38,Mirut Vatam,1267652425,Crohn disease
Z39,Utara Vatam,1397617262,Malignant neoplasms of stomach
Z40,Muttira Utira Vatam,2085092346,Carcinoma of urinary bladder
Z41,Cukkila Vatam,1934974711,Carcinoma of prostate
Z42,Cavviranka Vatam,,
Z43,Urttuva Vatam,2136808878,Congestive heart failure
Z44,Annanattampam,75194057,Malignant neoplasms of larynx
Z45,Cirakkampa Vatam,76906748,Cerebral palsy
Z46,Catastampa Vatam,493534161,Hyperthyrodisim disorder (TM2)
Z47,Vaccirarupa Vatam,1537714794,Meninges
Z48,Kantakirakavatam,,
Z49,Nakari Vatam,,
Z50,Patita Vatam,,
Z52,Karppaculai Vatam,2079791713,Lower abdominal pain with accumulation of blood in uterus disorder (TM2)
Z53,Astaculai Vatam,,
Z54,Kutal Vatam,1294458332,Hernias
Z55,Acuva Vatam,1065823595,Filarial scrotum disorder (TM2)
Z56,Meccu Vatam,1848472780,"Urinary tract infection, site not specified"
Z57,Mutu Vatam,,
Z58,Vacu Vatam,,
Z59,Pijastampa Vatam,1484511712,Inflammation of testis
Z60,Tantira Vetti Vatam,1323357778,Hydrocele or spermatocele
Z62,Cittuvata Curonitam,,
Z63,Vaikita Vata Curonitam,,
Z64,Utira Vata Curonitam,1594969621,Rheumatoid arthritis (Initial stage) disorder (TM2)
Z65,Payittiya Vata Curonitam,,
Z66,Cilettumavata Curonitam,,
Z67,Utaravata Curonitam,,
Z68,Kuna Avatanakam,2036729570,Abortion
Z69,Kantaka Avatanakam,229121159,Pre-eclampsia
Z70,Cirukampa Avatanakam,,
Z71,Vatattalai Nokkatu,,
Z72,Pittattalai Nokkatu,,
Z73,Cilettuma Talai Nokkatu,,
Z74,Cannivata Nokkatu,,
Z75,Iratta Pitta Nokkatu,,
Z76,Kirumikata Nokkatu,1329635150,Ear pain due to infection disorder (TM2)
Z77,Curiya Varttam Nokkatu,,
Z78,Cantira Varttam Nokkatu,,
Z79,Karnavarttam Nokkatu,962492793,Otalgia
Z80,Oru Talaiyin Vartam,760621151,Cluster headache
Z81,Vatakarna Culai,,
Z82,Pittakarna Culai,1515966870,Pain in the ears due to aggrevation of Aẕal disorder (TM2)
Z83,Cilettuma Karna Culai,1171077154,Pain in the ears due to aggrevation of Aiyam disorder (TM2)
Z84,Kirumikarna Culai,770120603,Pain in ears due to infestations disorder (TM2)
Z85,Tanta Vayu,1526532820,Pain in tooth due to Vaḷi disorder (TM2)
ZAA1.1,Vali Culai,1800532632,Pain in limb
ZAA1.2,Mekaculai,2024992433,Pricking pain in the extremities disorder (TM2)
ZAA1.3,Muriculai,1738275803,Spasmodic pain in the abdomen disorder (TM2)
ZAA1.4,Kunmaculai,166022696,Other and unspecified abdominal pain
ZAA1.5,Curaculai,594116296,Fever with body pain disorder (TM2)
ZAA1.6,Pakkaculai,2015988321,Intolerable pricking pain in the chest disorder (TM2)
ZAA1.7,Karpaculai,,
ZAA1.8,Turaculai,762029774,Abdomen pain and flatulance disorder (TM2)
ZAB1.1,Azal Culai,,
ZAB1.2,Ularttuculai,154465975,Dryness and pain in the whole body disorder (TM2)
ZAB1.3,Karaiculai,522346851,Pricking pain in the palm and sole disorder (TM2)
ZAC1.1,Aiya Culai,2047598004,Pain localised to other parts of lower abdomen
ZAC1.2,Ama Culai,166022696,Other and unspecified abdominal pain
ZAC1.3,Ukkara Culai,,
ZAC1.4,Nitampaculai,,
Z$,Azal Pitta Noykal,,
Z$1,Avuru Pittam,,
Z$2,Amila Pittam,,
Z$3,Unmata Pittam,,
Z$4,Tamanta Pittam,,
Z$5,Vata Pittam,1287320214,Congenital vitreous opacity
Z$6,Vanni Pittam,1871672644,Gastritis
Z$7,Cilettuma Pittam,,
Z$8,Curonita Pittam,176235975,Toxic arthritis of menopause
Z$9,Vikara Pittam,,
Z$10,Virana Pittam,,
Z$12,Iratta Pittam,761947693,Essential hypertension
Z$13,Kaca Pittam,1791890273,Acute pharyngitis
Z$14,Cuvaca Pittam,11753425,Bronchitis
Z$15,Cem Pittam,,
Z$16,Karum Pittam,,
Z$17,Karappan Pittam,1887882424,Dermatitis or eczema
Z$19,Aruci Pittam,,
Z$20,Eripittam,749069122,Peripheral neuralgia disorder (TM2)
Z$21,Azal Pittam,,
Z$22,Tuti Pittam,,
Z$23,Vita Pittam,,
Z$24,Aticara Pittam,,
Z$25,Mula Pittam,,
Z$26,Mutir Pittam,,
Z$27,Kanta Pittam,1180710837,Acute laryngitis
Z$28,otu Pittam,,
Z$29,Mutu Pittam,261282054,Unspecified nonorganic psychosis
Z$40,Acattiya Pittam,261282054,Unspecified nonorganic psychosis
Z$30,Natukku Pittam,,
Z$31,Kapala Pittam,1099694795,Painful cranial neuropathies or other facial pains
Z$32,Cartti Pittam,469481605,Alcoholic liver disease
Z$33,Taka Pittam,,
Z$34,Vikkal Pittam,,
Z$35,Ksaya Pittam,882244568,Tuberculosis of the respiratory system
Z$36,Timir Pittam,,
Z$37,Vali Pittam,,
Z$38,Cita Pittam,,
Z$39,Kirumi Pittam,,
Z$41,Markka Pittam,,
Z$42,Maruntitu Pittam,,
Z#,Aiya Kapa Noykal,,
Z#1,Irumal,1381279193,Aggravated aiyam lodging in chest and face leading respiratory ailments disorder (TM2)
Z#2,Kacam,,
Z#3,Cuvacam,,
Z#4,Tipanam,,
Z#5,Mantam,,
Z#6,Vali,2053370254,Vitiated Vaḷi along with Aiyam affecting genito urinary pathways disorder (TM2)
Z#7,Azal,,
Z#8,Mukkuttu,141686025,Aggravated Aiyam along with Vaḷi and aiyam causing fever with chills disorder (TM2)
Z#9,Cuka Canni,170742997,Three humours affected leading to seizure disorder (TM2)
Z#10,Curam,1839880380,Aggravated Aiyam disorder with hyper pyrexia (TM2)
Z#11,Aticaram,,
Z#12,Nirkkovai,1288884347,Aggravated Aiyam leading to polyurea disorder (TM2)
Z#13,Anal,687028611,Aggravated Aiyam disorder with fire element results in aggressive burning in corpse (TM2)
Z#14,Putam,1652300401,Aggravated Aiyam leading to schizophrenia disorder (TM2)
Z#15,Muyalakan,,
Z#16,Veri,523639309,Aggravated Aiyam leading to catatonia disorder (TM2)
Z#17,Vikaram,449925514,Aggravated Aiyam with depressive psychosis disorder (TM2)
Z#18,Curonitam,186366950,Aggravated Aiyam with rheumatism disorder (TM2)
Z#19,Viranam,1909309505,Aggravated Aiyam disorder leading to ulceration in throat (TM2)
Z#20,Turk Kantam,1654969574,Aggravated Aiyam disorder results in septicaemia (TM2)
Z#21,Nittiyam,1752296358,Aggravated Aiyam with fainting and mutism disorder (TM2)
